[{"model": "auth.permission", "pk": 1, "fields": {"name": "Can add log entry", "content_type": 1, "codename": "add_logentry"}}, {"model": "auth.permission", "pk": 2, "fields": {"name": "Can change log entry", "content_type": 1, "codename": "change_logentry"}}, {"model": "auth.permission", "pk": 3, "fields": {"name": "Can delete log entry", "content_type": 1, "codename": "delete_logentry"}}, {"model": "auth.permission", "pk": 4, "fields": {"name": "Can view log entry", "content_type": 1, "codename": "view_logentry"}}, {"model": "auth.permission", "pk": 5, "fields": {"name": "Can add permission", "content_type": 2, "codename": "add_permission"}}, {"model": "auth.permission", "pk": 6, "fields": {"name": "Can change permission", "content_type": 2, "codename": "change_permission"}}, {"model": "auth.permission", "pk": 7, "fields": {"name": "Can delete permission", "content_type": 2, "codename": "delete_permission"}}, {"model": "auth.permission", "pk": 8, "fields": {"name": "Can view permission", "content_type": 2, "codename": "view_permission"}}, {"model": "auth.permission", "pk": 9, "fields": {"name": "Can add group", "content_type": 3, "codename": "add_group"}}, {"model": "auth.permission", "pk": 10, "fields": {"name": "Can change group", "content_type": 3, "codename": "change_group"}}, {"model": "auth.permission", "pk": 11, "fields": {"name": "Can delete group", "content_type": 3, "codename": "delete_group"}}, {"model": "auth.permission", "pk": 12, "fields": {"name": "Can view group", "content_type": 3, "codename": "view_group"}}, {"model": "auth.permission", "pk": 13, "fields": {"name": "Can add user", "content_type": 4, "codename": "add_user"}}, {"model": "auth.permission", "pk": 14, "fields": {"name": "Can change user", "content_type": 4, "codename": "change_user"}}, {"model": "auth.permission", "pk": 15, "fields": {"name": "Can delete user", "content_type": 4, "codename": "delete_user"}}, {"model": "auth.permission", "pk": 16, "fields": {"name": "Can view user", "content_type": 4, "codename": "view_user"}}, {"model": "auth.permission", "pk": 17, "fields": {"name": "Can add content type", "content_type": 5, "codename": "add_contenttype"}}, {"model": "auth.permission", "pk": 18, "fields": {"name": "Can change content type", "content_type": 5, "codename": "change_contenttype"}}, {"model": "auth.permission", "pk": 19, "fields": {"name": "Can delete content type", "content_type": 5, "codename": "delete_contenttype"}}, {"model": "auth.permission", "pk": 20, "fields": {"name": "Can view content type", "content_type": 5, "codename": "view_contenttype"}}, {"model": "auth.permission", "pk": 21, "fields": {"name": "Can add session", "content_type": 6, "codename": "add_session"}}, {"model": "auth.permission", "pk": 22, "fields": {"name": "Can change session", "content_type": 6, "codename": "change_session"}}, {"model": "auth.permission", "pk": 23, "fields": {"name": "Can delete session", "content_type": 6, "codename": "delete_session"}}, {"model": "auth.permission", "pk": 24, "fields": {"name": "Can view session", "content_type": 6, "codename": "view_session"}}, {"model": "auth.permission", "pk": 25, "fields": {"name": "Can add site", "content_type": 7, "codename": "add_site"}}, {"model": "auth.permission", "pk": 26, "fields": {"name": "Can change site", "content_type": 7, "codename": "change_site"}}, {"model": "auth.permission", "pk": 27, "fields": {"name": "Can delete site", "content_type": 7, "codename": "delete_site"}}, {"model": "auth.permission", "pk": 28, "fields": {"name": "Can view site", "content_type": 7, "codename": "view_site"}}, {"model": "auth.permission", "pk": 29, "fields": {"name": "Can add flat page", "content_type": 8, "codename": "add_flatpage"}}, {"model": "auth.permission", "pk": 30, "fields": {"name": "Can change flat page", "content_type": 8, "codename": "change_flatpage"}}, {"model": "auth.permission", "pk": 31, "fields": {"name": "Can delete flat page", "content_type": 8, "codename": "delete_flatpage"}}, {"model": "auth.permission", "pk": 32, "fields": {"name": "Can view flat page", "content_type": 8, "codename": "view_flatpage"}}, {"model": "auth.permission", "pk": 33, "fields": {"name": "Can add Product record", "content_type": 9, "codename": "add_productrecord"}}, {"model": "auth.permission", "pk": 34, "fields": {"name": "Can change Product record", "content_type": 9, "codename": "change_productrecord"}}, {"model": "auth.permission", "pk": 35, "fields": {"name": "Can delete Product record", "content_type": 9, "codename": "delete_productrecord"}}, {"model": "auth.permission", "pk": 36, "fields": {"name": "Can view Product record", "content_type": 9, "codename": "view_productrecord"}}, {"model": "auth.permission", "pk": 37, "fields": {"name": "Can add User product view", "content_type": 10, "codename": "add_userproductview"}}, {"model": "auth.permission", "pk": 38, "fields": {"name": "Can change User product view", "content_type": 10, "codename": "change_userproductview"}}, {"model": "auth.permission", "pk": 39, "fields": {"name": "Can delete User product view", "content_type": 10, "codename": "delete_userproductview"}}, {"model": "auth.permission", "pk": 40, "fields": {"name": "Can view User product view", "content_type": 10, "codename": "view_userproductview"}}, {"model": "auth.permission", "pk": 41, "fields": {"name": "Can add User record", "content_type": 11, "codename": "add_userrecord"}}, {"model": "auth.permission", "pk": 42, "fields": {"name": "Can change User record", "content_type": 11, "codename": "change_userrecord"}}, {"model": "auth.permission", "pk": 43, "fields": {"name": "Can delete User record", "content_type": 11, "codename": "delete_userrecord"}}, {"model": "auth.permission", "pk": 44, "fields": {"name": "Can view User record", "content_type": 11, "codename": "view_userrecord"}}, {"model": "auth.permission", "pk": 45, "fields": {"name": "Can add User search query", "content_type": 12, "codename": "add_usersearch"}}, {"model": "auth.permission", "pk": 46, "fields": {"name": "Can change User search query", "content_type": 12, "codename": "change_usersearch"}}, {"model": "auth.permission", "pk": 47, "fields": {"name": "Can delete User search query", "content_type": 12, "codename": "delete_usersearch"}}, {"model": "auth.permission", "pk": 48, "fields": {"name": "Can view User search query", "content_type": 12, "codename": "view_usersearch"}}, {"model": "auth.permission", "pk": 49, "fields": {"name": "Can add Country", "content_type": 13, "codename": "add_country"}}, {"model": "auth.permission", "pk": 50, "fields": {"name": "Can change Country", "content_type": 13, "codename": "change_country"}}, {"model": "auth.permission", "pk": 51, "fields": {"name": "Can delete Country", "content_type": 13, "codename": "delete_country"}}, {"model": "auth.permission", "pk": 52, "fields": {"name": "Can view Country", "content_type": 13, "codename": "view_country"}}, {"model": "auth.permission", "pk": 53, "fields": {"name": "Can add User address", "content_type": 14, "codename": "add_useraddress"}}, {"model": "auth.permission", "pk": 54, "fields": {"name": "Can change User address", "content_type": 14, "codename": "change_useraddress"}}, {"model": "auth.permission", "pk": 55, "fields": {"name": "Can delete User address", "content_type": 14, "codename": "delete_useraddress"}}, {"model": "auth.permission", "pk": 56, "fields": {"name": "Can view User address", "content_type": 14, "codename": "view_useraddress"}}, {"model": "auth.permission", "pk": 57, "fields": {"name": "Can add Order and Item Charge", "content_type": 15, "codename": "add_orderanditemcharges"}}, {"model": "auth.permission", "pk": 58, "fields": {"name": "Can change Order and Item Charge", "content_type": 15, "codename": "change_orderanditemcharges"}}, {"model": "auth.permission", "pk": 59, "fields": {"name": "Can delete Order and Item Charge", "content_type": 15, "codename": "delete_orderanditemcharges"}}, {"model": "auth.permission", "pk": 60, "fields": {"name": "Can view Order and Item Charge", "content_type": 15, "codename": "view_orderanditemcharges"}}, {"model": "auth.permission", "pk": 61, "fields": {"name": "Can add Weight Band", "content_type": 16, "codename": "add_weightband"}}, {"model": "auth.permission", "pk": 62, "fields": {"name": "Can change Weight Band", "content_type": 16, "codename": "change_weightband"}}, {"model": "auth.permission", "pk": 63, "fields": {"name": "Can delete Weight Band", "content_type": 16, "codename": "delete_weightband"}}, {"model": "auth.permission", "pk": 64, "fields": {"name": "Can view Weight Band", "content_type": 16, "codename": "view_weightband"}}, {"model": "auth.permission", "pk": 65, "fields": {"name": "Can add Weight-based Shipping Method", "content_type": 17, "codename": "add_weightbased"}}, {"model": "auth.permission", "pk": 66, "fields": {"name": "Can change Weight-based Shipping Method", "content_type": 17, "codename": "change_weightbased"}}, {"model": "auth.permission", "pk": 67, "fields": {"name": "Can delete Weight-based Shipping Method", "content_type": 17, "codename": "delete_weightbased"}}, {"model": "auth.permission", "pk": 68, "fields": {"name": "Can view Weight-based Shipping Method", "content_type": 17, "codename": "view_weightbased"}}, {"model": "auth.permission", "pk": 69, "fields": {"name": "Can add Attribute option", "content_type": 18, "codename": "add_attributeoption"}}, {"model": "auth.permission", "pk": 70, "fields": {"name": "Can change Attribute option", "content_type": 18, "codename": "change_attributeoption"}}, {"model": "auth.permission", "pk": 71, "fields": {"name": "Can delete Attribute option", "content_type": 18, "codename": "delete_attributeoption"}}, {"model": "auth.permission", "pk": 72, "fields": {"name": "Can view Attribute option", "content_type": 18, "codename": "view_attributeoption"}}, {"model": "auth.permission", "pk": 73, "fields": {"name": "Can add Attribute option group", "content_type": 19, "codename": "add_attributeoptiongroup"}}, {"model": "auth.permission", "pk": 74, "fields": {"name": "Can change Attribute option group", "content_type": 19, "codename": "change_attributeoptiongroup"}}, {"model": "auth.permission", "pk": 75, "fields": {"name": "Can delete Attribute option group", "content_type": 19, "codename": "delete_attributeoptiongroup"}}, {"model": "auth.permission", "pk": 76, "fields": {"name": "Can view Attribute option group", "content_type": 19, "codename": "view_attributeoptiongroup"}}, {"model": "auth.permission", "pk": 77, "fields": {"name": "Can add Category", "content_type": 20, "codename": "add_category"}}, {"model": "auth.permission", "pk": 78, "fields": {"name": "Can change Category", "content_type": 20, "codename": "change_category"}}, {"model": "auth.permission", "pk": 79, "fields": {"name": "Can delete Category", "content_type": 20, "codename": "delete_category"}}, {"model": "auth.permission", "pk": 80, "fields": {"name": "Can view Category", "content_type": 20, "codename": "view_category"}}, {"model": "auth.permission", "pk": 81, "fields": {"name": "Can add Option", "content_type": 21, "codename": "add_option"}}, {"model": "auth.permission", "pk": 82, "fields": {"name": "Can change Option", "content_type": 21, "codename": "change_option"}}, {"model": "auth.permission", "pk": 83, "fields": {"name": "Can delete Option", "content_type": 21, "codename": "delete_option"}}, {"model": "auth.permission", "pk": 84, "fields": {"name": "Can view Option", "content_type": 21, "codename": "view_option"}}, {"model": "auth.permission", "pk": 85, "fields": {"name": "Can add Product", "content_type": 22, "codename": "add_product"}}, {"model": "auth.permission", "pk": 86, "fields": {"name": "Can change Product", "content_type": 22, "codename": "change_product"}}, {"model": "auth.permission", "pk": 87, "fields": {"name": "Can delete Product", "content_type": 22, "codename": "delete_product"}}, {"model": "auth.permission", "pk": 88, "fields": {"name": "Can view Product", "content_type": 22, "codename": "view_product"}}, {"model": "auth.permission", "pk": 89, "fields": {"name": "Can add Product attribute", "content_type": 23, "codename": "add_productattribute"}}, {"model": "auth.permission", "pk": 90, "fields": {"name": "Can change Product attribute", "content_type": 23, "codename": "change_productattribute"}}, {"model": "auth.permission", "pk": 91, "fields": {"name": "Can delete Product attribute", "content_type": 23, "codename": "delete_productattribute"}}, {"model": "auth.permission", "pk": 92, "fields": {"name": "Can view Product attribute", "content_type": 23, "codename": "view_productattribute"}}, {"model": "auth.permission", "pk": 93, "fields": {"name": "Can add Product attribute value", "content_type": 24, "codename": "add_productattributevalue"}}, {"model": "auth.permission", "pk": 94, "fields": {"name": "Can change Product attribute value", "content_type": 24, "codename": "change_productattributevalue"}}, {"model": "auth.permission", "pk": 95, "fields": {"name": "Can delete Product attribute value", "content_type": 24, "codename": "delete_productattributevalue"}}, {"model": "auth.permission", "pk": 96, "fields": {"name": "Can view Product attribute value", "content_type": 24, "codename": "view_productattributevalue"}}, {"model": "auth.permission", "pk": 97, "fields": {"name": "Can add Product category", "content_type": 25, "codename": "add_productcategory"}}, {"model": "auth.permission", "pk": 98, "fields": {"name": "Can change Product category", "content_type": 25, "codename": "change_productcategory"}}, {"model": "auth.permission", "pk": 99, "fields": {"name": "Can delete Product category", "content_type": 25, "codename": "delete_productcategory"}}, {"model": "auth.permission", "pk": 100, "fields": {"name": "Can view Product category", "content_type": 25, "codename": "view_productcategory"}}, {"model": "auth.permission", "pk": 101, "fields": {"name": "Can add Product class", "content_type": 26, "codename": "add_productclass"}}, {"model": "auth.permission", "pk": 102, "fields": {"name": "Can change Product class", "content_type": 26, "codename": "change_productclass"}}, {"model": "auth.permission", "pk": 103, "fields": {"name": "Can delete Product class", "content_type": 26, "codename": "delete_productclass"}}, {"model": "auth.permission", "pk": 104, "fields": {"name": "Can view Product class", "content_type": 26, "codename": "view_productclass"}}, {"model": "auth.permission", "pk": 105, "fields": {"name": "Can add Product image", "content_type": 27, "codename": "add_productimage"}}, {"model": "auth.permission", "pk": 106, "fields": {"name": "Can change Product image", "content_type": 27, "codename": "change_productimage"}}, {"model": "auth.permission", "pk": 107, "fields": {"name": "Can delete Product image", "content_type": 27, "codename": "delete_productimage"}}, {"model": "auth.permission", "pk": 108, "fields": {"name": "Can view Product image", "content_type": 27, "codename": "view_productimage"}}, {"model": "auth.permission", "pk": 109, "fields": {"name": "Can add Product recommendation", "content_type": 28, "codename": "add_productrecommendation"}}, {"model": "auth.permission", "pk": 110, "fields": {"name": "Can change Product recommendation", "content_type": 28, "codename": "change_productrecommendation"}}, {"model": "auth.permission", "pk": 111, "fields": {"name": "Can delete Product recommendation", "content_type": 28, "codename": "delete_productrecommendation"}}, {"model": "auth.permission", "pk": 112, "fields": {"name": "Can view Product recommendation", "content_type": 28, "codename": "view_productrecommendation"}}, {"model": "auth.permission", "pk": 113, "fields": {"name": "Can add Product review", "content_type": 29, "codename": "add_productreview"}}, {"model": "auth.permission", "pk": 114, "fields": {"name": "Can change Product review", "content_type": 29, "codename": "change_productreview"}}, {"model": "auth.permission", "pk": 115, "fields": {"name": "Can delete Product review", "content_type": 29, "codename": "delete_productreview"}}, {"model": "auth.permission", "pk": 116, "fields": {"name": "Can view Product review", "content_type": 29, "codename": "view_productreview"}}, {"model": "auth.permission", "pk": 117, "fields": {"name": "Can add Vote", "content_type": 30, "codename": "add_vote"}}, {"model": "auth.permission", "pk": 118, "fields": {"name": "Can change Vote", "content_type": 30, "codename": "change_vote"}}, {"model": "auth.permission", "pk": 119, "fields": {"name": "Can delete Vote", "content_type": 30, "codename": "delete_vote"}}, {"model": "auth.permission", "pk": 120, "fields": {"name": "Can view Vote", "content_type": 30, "codename": "view_vote"}}, {"model": "auth.permission", "pk": 121, "fields": {"name": "Can add Communication event type", "content_type": 31, "codename": "add_communicationeventtype"}}, {"model": "auth.permission", "pk": 122, "fields": {"name": "Can change Communication event type", "content_type": 31, "codename": "change_communicationeventtype"}}, {"model": "auth.permission", "pk": 123, "fields": {"name": "Can delete Communication event type", "content_type": 31, "codename": "delete_communicationeventtype"}}, {"model": "auth.permission", "pk": 124, "fields": {"name": "Can view Communication event type", "content_type": 31, "codename": "view_communicationeventtype"}}, {"model": "auth.permission", "pk": 125, "fields": {"name": "Can add Email", "content_type": 32, "codename": "add_email"}}, {"model": "auth.permission", "pk": 126, "fields": {"name": "Can change Email", "content_type": 32, "codename": "change_email"}}, {"model": "auth.permission", "pk": 127, "fields": {"name": "Can delete Email", "content_type": 32, "codename": "delete_email"}}, {"model": "auth.permission", "pk": 128, "fields": {"name": "Can view Email", "content_type": 32, "codename": "view_email"}}, {"model": "auth.permission", "pk": 129, "fields": {"name": "Can add Notification", "content_type": 33, "codename": "add_notification"}}, {"model": "auth.permission", "pk": 130, "fields": {"name": "Can change Notification", "content_type": 33, "codename": "change_notification"}}, {"model": "auth.permission", "pk": 131, "fields": {"name": "Can delete Notification", "content_type": 33, "codename": "delete_notification"}}, {"model": "auth.permission", "pk": 132, "fields": {"name": "Can view Notification", "content_type": 33, "codename": "view_notification"}}, {"model": "auth.permission", "pk": 133, "fields": {"name": "Can add Fulfillment partner", "content_type": 34, "codename": "add_partner"}}, {"model": "auth.permission", "pk": 134, "fields": {"name": "Can change Fulfillment partner", "content_type": 34, "codename": "change_partner"}}, {"model": "auth.permission", "pk": 135, "fields": {"name": "Can delete Fulfillment partner", "content_type": 34, "codename": "delete_partner"}}, {"model": "auth.permission", "pk": 136, "fields": {"name": "Can view Fulfillment partner", "content_type": 34, "codename": "view_partner"}}, {"model": "auth.permission", "pk": 137, "fields": {"name": "Can access dashboard", "content_type": 34, "codename": "dashboard_access"}}, {"model": "auth.permission", "pk": 138, "fields": {"name": "Can add Partner address", "content_type": 35, "codename": "add_partneraddress"}}, {"model": "auth.permission", "pk": 139, "fields": {"name": "Can change Partner address", "content_type": 35, "codename": "change_partneraddress"}}, {"model": "auth.permission", "pk": 140, "fields": {"name": "Can delete Partner address", "content_type": 35, "codename": "delete_partneraddress"}}, {"model": "auth.permission", "pk": 141, "fields": {"name": "Can view Partner address", "content_type": 35, "codename": "view_partneraddress"}}, {"model": "auth.permission", "pk": 142, "fields": {"name": "Can add Stock alert", "content_type": 36, "codename": "add_stockalert"}}, {"model": "auth.permission", "pk": 143, "fields": {"name": "Can change Stock alert", "content_type": 36, "codename": "change_stockalert"}}, {"model": "auth.permission", "pk": 144, "fields": {"name": "Can delete Stock alert", "content_type": 36, "codename": "delete_stockalert"}}, {"model": "auth.permission", "pk": 145, "fields": {"name": "Can view Stock alert", "content_type": 36, "codename": "view_stockalert"}}, {"model": "auth.permission", "pk": 146, "fields": {"name": "Can add Stock record", "content_type": 37, "codename": "add_stockrecord"}}, {"model": "auth.permission", "pk": 147, "fields": {"name": "Can change Stock record", "content_type": 37, "codename": "change_stockrecord"}}, {"model": "auth.permission", "pk": 148, "fields": {"name": "Can delete Stock record", "content_type": 37, "codename": "delete_stockrecord"}}, {"model": "auth.permission", "pk": 149, "fields": {"name": "Can view Stock record", "content_type": 37, "codename": "view_stockrecord"}}, {"model": "auth.permission", "pk": 150, "fields": {"name": "Can add Basket", "content_type": 38, "codename": "add_basket"}}, {"model": "auth.permission", "pk": 151, "fields": {"name": "Can change Basket", "content_type": 38, "codename": "change_basket"}}, {"model": "auth.permission", "pk": 152, "fields": {"name": "Can delete Basket", "content_type": 38, "codename": "delete_basket"}}, {"model": "auth.permission", "pk": 153, "fields": {"name": "Can view Basket", "content_type": 38, "codename": "view_basket"}}, {"model": "auth.permission", "pk": 154, "fields": {"name": "Can add Basket line", "content_type": 39, "codename": "add_line"}}, {"model": "auth.permission", "pk": 155, "fields": {"name": "Can change Basket line", "content_type": 39, "codename": "change_line"}}, {"model": "auth.permission", "pk": 156, "fields": {"name": "Can delete Basket line", "content_type": 39, "codename": "delete_line"}}, {"model": "auth.permission", "pk": 157, "fields": {"name": "Can view Basket line", "content_type": 39, "codename": "view_line"}}, {"model": "auth.permission", "pk": 158, "fields": {"name": "Can add Line attribute", "content_type": 40, "codename": "add_lineattribute"}}, {"model": "auth.permission", "pk": 159, "fields": {"name": "Can change Line attribute", "content_type": 40, "codename": "change_lineattribute"}}, {"model": "auth.permission", "pk": 160, "fields": {"name": "Can delete Line attribute", "content_type": 40, "codename": "delete_lineattribute"}}, {"model": "auth.permission", "pk": 161, "fields": {"name": "Can view Line attribute", "content_type": 40, "codename": "view_lineattribute"}}, {"model": "auth.permission", "pk": 162, "fields": {"name": "Can add Bankcard", "content_type": 41, "codename": "add_bankcard"}}, {"model": "auth.permission", "pk": 163, "fields": {"name": "Can change Bankcard", "content_type": 41, "codename": "change_bankcard"}}, {"model": "auth.permission", "pk": 164, "fields": {"name": "Can delete Bankcard", "content_type": 41, "codename": "delete_bankcard"}}, {"model": "auth.permission", "pk": 165, "fields": {"name": "Can view Bankcard", "content_type": 41, "codename": "view_bankcard"}}, {"model": "auth.permission", "pk": 166, "fields": {"name": "Can add Source", "content_type": 42, "codename": "add_source"}}, {"model": "auth.permission", "pk": 167, "fields": {"name": "Can change Source", "content_type": 42, "codename": "change_source"}}, {"model": "auth.permission", "pk": 168, "fields": {"name": "Can delete Source", "content_type": 42, "codename": "delete_source"}}, {"model": "auth.permission", "pk": 169, "fields": {"name": "Can view Source", "content_type": 42, "codename": "view_source"}}, {"model": "auth.permission", "pk": 170, "fields": {"name": "Can add Source Type", "content_type": 43, "codename": "add_sourcetype"}}, {"model": "auth.permission", "pk": 171, "fields": {"name": "Can change Source Type", "content_type": 43, "codename": "change_sourcetype"}}, {"model": "auth.permission", "pk": 172, "fields": {"name": "Can delete Source Type", "content_type": 43, "codename": "delete_sourcetype"}}, {"model": "auth.permission", "pk": 173, "fields": {"name": "Can view Source Type", "content_type": 43, "codename": "view_sourcetype"}}, {"model": "auth.permission", "pk": 174, "fields": {"name": "Can add Transaction", "content_type": 44, "codename": "add_transaction"}}, {"model": "auth.permission", "pk": 175, "fields": {"name": "Can change Transaction", "content_type": 44, "codename": "change_transaction"}}, {"model": "auth.permission", "pk": 176, "fields": {"name": "Can delete Transaction", "content_type": 44, "codename": "delete_transaction"}}, {"model": "auth.permission", "pk": 177, "fields": {"name": "Can view Transaction", "content_type": 44, "codename": "view_transaction"}}, {"model": "auth.permission", "pk": 178, "fields": {"name": "Can add Benefit", "content_type": 45, "codename": "add_benefit"}}, {"model": "auth.permission", "pk": 179, "fields": {"name": "Can change Benefit", "content_type": 45, "codename": "change_benefit"}}, {"model": "auth.permission", "pk": 180, "fields": {"name": "Can delete Benefit", "content_type": 45, "codename": "delete_benefit"}}, {"model": "auth.permission", "pk": 181, "fields": {"name": "Can view Benefit", "content_type": 45, "codename": "view_benefit"}}, {"model": "auth.permission", "pk": 182, "fields": {"name": "Can add Condition", "content_type": 46, "codename": "add_condition"}}, {"model": "auth.permission", "pk": 183, "fields": {"name": "Can change Condition", "content_type": 46, "codename": "change_condition"}}, {"model": "auth.permission", "pk": 184, "fields": {"name": "Can delete Condition", "content_type": 46, "codename": "delete_condition"}}, {"model": "auth.permission", "pk": 185, "fields": {"name": "Can view Condition", "content_type": 46, "codename": "view_condition"}}, {"model": "auth.permission", "pk": 186, "fields": {"name": "Can add Conditional offer", "content_type": 47, "codename": "add_conditionaloffer"}}, {"model": "auth.permission", "pk": 187, "fields": {"name": "Can change Conditional offer", "content_type": 47, "codename": "change_conditionaloffer"}}, {"model": "auth.permission", "pk": 188, "fields": {"name": "Can delete Conditional offer", "content_type": 47, "codename": "delete_conditionaloffer"}}, {"model": "auth.permission", "pk": 189, "fields": {"name": "Can view Conditional offer", "content_type": 47, "codename": "view_conditionaloffer"}}, {"model": "auth.permission", "pk": 190, "fields": {"name": "Can add Range", "content_type": 48, "codename": "add_range"}}, {"model": "auth.permission", "pk": 191, "fields": {"name": "Can change Range", "content_type": 48, "codename": "change_range"}}, {"model": "auth.permission", "pk": 192, "fields": {"name": "Can delete Range", "content_type": 48, "codename": "delete_range"}}, {"model": "auth.permission", "pk": 193, "fields": {"name": "Can view Range", "content_type": 48, "codename": "view_range"}}, {"model": "auth.permission", "pk": 194, "fields": {"name": "Can add range product", "content_type": 49, "codename": "add_rangeproduct"}}, {"model": "auth.permission", "pk": 195, "fields": {"name": "Can change range product", "content_type": 49, "codename": "change_rangeproduct"}}, {"model": "auth.permission", "pk": 196, "fields": {"name": "Can delete range product", "content_type": 49, "codename": "delete_rangeproduct"}}, {"model": "auth.permission", "pk": 197, "fields": {"name": "Can view range product", "content_type": 49, "codename": "view_rangeproduct"}}, {"model": "auth.permission", "pk": 198, "fields": {"name": "Can add Range Product Uploaded File", "content_type": 50, "codename": "add_rangeproductfileupload"}}, {"model": "auth.permission", "pk": 199, "fields": {"name": "Can change Range Product Uploaded File", "content_type": 50, "codename": "change_rangeproductfileupload"}}, {"model": "auth.permission", "pk": 200, "fields": {"name": "Can delete Range Product Uploaded File", "content_type": 50, "codename": "delete_rangeproductfileupload"}}, {"model": "auth.permission", "pk": 201, "fields": {"name": "Can view Range Product Uploaded File", "content_type": 50, "codename": "view_rangeproductfileupload"}}, {"model": "auth.permission", "pk": 202, "fields": {"name": "Can add Absolute discount benefit", "content_type": 51, "codename": "add_absolutediscountbenefit"}}, {"model": "auth.permission", "pk": 203, "fields": {"name": "Can change Absolute discount benefit", "content_type": 51, "codename": "change_absolutediscountbenefit"}}, {"model": "auth.permission", "pk": 204, "fields": {"name": "Can delete Absolute discount benefit", "content_type": 51, "codename": "delete_absolutediscountbenefit"}}, {"model": "auth.permission", "pk": 205, "fields": {"name": "Can view Absolute discount benefit", "content_type": 51, "codename": "view_absolutediscountbenefit"}}, {"model": "auth.permission", "pk": 206, "fields": {"name": "Can add Count condition", "content_type": 52, "codename": "add_countcondition"}}, {"model": "auth.permission", "pk": 207, "fields": {"name": "Can change Count condition", "content_type": 52, "codename": "change_countcondition"}}, {"model": "auth.permission", "pk": 208, "fields": {"name": "Can delete Count condition", "content_type": 52, "codename": "delete_countcondition"}}, {"model": "auth.permission", "pk": 209, "fields": {"name": "Can view Count condition", "content_type": 52, "codename": "view_countcondition"}}, {"model": "auth.permission", "pk": 210, "fields": {"name": "Can add Coverage Condition", "content_type": 53, "codename": "add_coveragecondition"}}, {"model": "auth.permission", "pk": 211, "fields": {"name": "Can change Coverage Condition", "content_type": 53, "codename": "change_coveragecondition"}}, {"model": "auth.permission", "pk": 212, "fields": {"name": "Can delete Coverage Condition", "content_type": 53, "codename": "delete_coveragecondition"}}, {"model": "auth.permission", "pk": 213, "fields": {"name": "Can view Coverage Condition", "content_type": 53, "codename": "view_coveragecondition"}}, {"model": "auth.permission", "pk": 214, "fields": {"name": "Can add Fixed price benefit", "content_type": 54, "codename": "add_fixedpricebenefit"}}, {"model": "auth.permission", "pk": 215, "fields": {"name": "Can change Fixed price benefit", "content_type": 54, "codename": "change_fixedpricebenefit"}}, {"model": "auth.permission", "pk": 216, "fields": {"name": "Can delete Fixed price benefit", "content_type": 54, "codename": "delete_fixedpricebenefit"}}, {"model": "auth.permission", "pk": 217, "fields": {"name": "Can view Fixed price benefit", "content_type": 54, "codename": "view_fixedpricebenefit"}}, {"model": "auth.permission", "pk": 218, "fields": {"name": "Can add Multibuy discount benefit", "content_type": 55, "codename": "add_multibuydiscountbenefit"}}, {"model": "auth.permission", "pk": 219, "fields": {"name": "Can change Multibuy discount benefit", "content_type": 55, "codename": "change_multibuydiscountbenefit"}}, {"model": "auth.permission", "pk": 220, "fields": {"name": "Can delete Multibuy discount benefit", "content_type": 55, "codename": "delete_multibuydiscountbenefit"}}, {"model": "auth.permission", "pk": 221, "fields": {"name": "Can view Multibuy discount benefit", "content_type": 55, "codename": "view_multibuydiscountbenefit"}}, {"model": "auth.permission", "pk": 222, "fields": {"name": "Can add Percentage discount benefit", "content_type": 56, "codename": "add_percentagediscountbenefit"}}, {"model": "auth.permission", "pk": 223, "fields": {"name": "Can change Percentage discount benefit", "content_type": 56, "codename": "change_percentagediscountbenefit"}}, {"model": "auth.permission", "pk": 224, "fields": {"name": "Can delete Percentage discount benefit", "content_type": 56, "codename": "delete_percentagediscountbenefit"}}, {"model": "auth.permission", "pk": 225, "fields": {"name": "Can view Percentage discount benefit", "content_type": 56, "codename": "view_percentagediscountbenefit"}}, {"model": "auth.permission", "pk": 226, "fields": {"name": "Can add shipping benefit", "content_type": 57, "codename": "add_shippingbenefit"}}, {"model": "auth.permission", "pk": 227, "fields": {"name": "Can change shipping benefit", "content_type": 57, "codename": "change_shippingbenefit"}}, {"model": "auth.permission", "pk": 228, "fields": {"name": "Can delete shipping benefit", "content_type": 57, "codename": "delete_shippingbenefit"}}, {"model": "auth.permission", "pk": 229, "fields": {"name": "Can view shipping benefit", "content_type": 57, "codename": "view_shippingbenefit"}}, {"model": "auth.permission", "pk": 230, "fields": {"name": "Can add Shipping absolute discount benefit", "content_type": 58, "codename": "add_shippingabsolutediscountbenefit"}}, {"model": "auth.permission", "pk": 231, "fields": {"name": "Can change Shipping absolute discount benefit", "content_type": 58, "codename": "change_shippingabsolutediscountbenefit"}}, {"model": "auth.permission", "pk": 232, "fields": {"name": "Can delete Shipping absolute discount benefit", "content_type": 58, "codename": "delete_shippingabsolutediscountbenefit"}}, {"model": "auth.permission", "pk": 233, "fields": {"name": "Can view Shipping absolute discount benefit", "content_type": 58, "codename": "view_shippingabsolutediscountbenefit"}}, {"model": "auth.permission", "pk": 234, "fields": {"name": "Can add Fixed price shipping benefit", "content_type": 59, "codename": "add_shippingfixedpricebenefit"}}, {"model": "auth.permission", "pk": 235, "fields": {"name": "Can change Fixed price shipping benefit", "content_type": 59, "codename": "change_shippingfixedpricebenefit"}}, {"model": "auth.permission", "pk": 236, "fields": {"name": "Can delete Fixed price shipping benefit", "content_type": 59, "codename": "delete_shippingfixedpricebenefit"}}, {"model": "auth.permission", "pk": 237, "fields": {"name": "Can view Fixed price shipping benefit", "content_type": 59, "codename": "view_shippingfixedpricebenefit"}}, {"model": "auth.permission", "pk": 238, "fields": {"name": "Can add Shipping percentage discount benefit", "content_type": 60, "codename": "add_shippingpercentagediscountbenefit"}}, {"model": "auth.permission", "pk": 239, "fields": {"name": "Can change Shipping percentage discount benefit", "content_type": 60, "codename": "change_shippingpercentagediscountbenefit"}}, {"model": "auth.permission", "pk": 240, "fields": {"name": "Can delete Shipping percentage discount benefit", "content_type": 60, "codename": "delete_shippingpercentagediscountbenefit"}}, {"model": "auth.permission", "pk": 241, "fields": {"name": "Can view Shipping percentage discount benefit", "content_type": 60, "codename": "view_shippingpercentagediscountbenefit"}}, {"model": "auth.permission", "pk": 242, "fields": {"name": "Can add Value condition", "content_type": 61, "codename": "add_valuecondition"}}, {"model": "auth.permission", "pk": 243, "fields": {"name": "Can change Value condition", "content_type": 61, "codename": "change_valuecondition"}}, {"model": "auth.permission", "pk": 244, "fields": {"name": "Can delete Value condition", "content_type": 61, "codename": "delete_valuecondition"}}, {"model": "auth.permission", "pk": 245, "fields": {"name": "Can view Value condition", "content_type": 61, "codename": "view_valuecondition"}}, {"model": "auth.permission", "pk": 246, "fields": {"name": "Can add Billing address", "content_type": 62, "codename": "add_billingaddress"}}, {"model": "auth.permission", "pk": 247, "fields": {"name": "Can change Billing address", "content_type": 62, "codename": "change_billingaddress"}}, {"model": "auth.permission", "pk": 248, "fields": {"name": "Can delete Billing address", "content_type": 62, "codename": "delete_billingaddress"}}, {"model": "auth.permission", "pk": 249, "fields": {"name": "Can view Billing address", "content_type": 62, "codename": "view_billingaddress"}}, {"model": "auth.permission", "pk": 250, "fields": {"name": "Can add Communication Event", "content_type": 63, "codename": "add_communicationevent"}}, {"model": "auth.permission", "pk": 251, "fields": {"name": "Can change Communication Event", "content_type": 63, "codename": "change_communicationevent"}}, {"model": "auth.permission", "pk": 252, "fields": {"name": "Can delete Communication Event", "content_type": 63, "codename": "delete_communicationevent"}}, {"model": "auth.permission", "pk": 253, "fields": {"name": "Can view Communication Event", "content_type": 63, "codename": "view_communicationevent"}}, {"model": "auth.permission", "pk": 254, "fields": {"name": "Can add Order Line", "content_type": 64, "codename": "add_line"}}, {"model": "auth.permission", "pk": 255, "fields": {"name": "Can change Order Line", "content_type": 64, "codename": "change_line"}}, {"model": "auth.permission", "pk": 256, "fields": {"name": "Can delete Order Line", "content_type": 64, "codename": "delete_line"}}, {"model": "auth.permission", "pk": 257, "fields": {"name": "Can view Order Line", "content_type": 64, "codename": "view_line"}}, {"model": "auth.permission", "pk": 258, "fields": {"name": "Can add Line Attribute", "content_type": 65, "codename": "add_lineattribute"}}, {"model": "auth.permission", "pk": 259, "fields": {"name": "Can change Line Attribute", "content_type": 65, "codename": "change_lineattribute"}}, {"model": "auth.permission", "pk": 260, "fields": {"name": "Can delete Line Attribute", "content_type": 65, "codename": "delete_lineattribute"}}, {"model": "auth.permission", "pk": 261, "fields": {"name": "Can view Line Attribute", "content_type": 65, "codename": "view_lineattribute"}}, {"model": "auth.permission", "pk": 262, "fields": {"name": "Can add Line Price", "content_type": 66, "codename": "add_lineprice"}}, {"model": "auth.permission", "pk": 263, "fields": {"name": "Can change Line Price", "content_type": 66, "codename": "change_lineprice"}}, {"model": "auth.permission", "pk": 264, "fields": {"name": "Can delete Line Price", "content_type": 66, "codename": "delete_lineprice"}}, {"model": "auth.permission", "pk": 265, "fields": {"name": "Can view Line Price", "content_type": 66, "codename": "view_lineprice"}}, {"model": "auth.permission", "pk": 266, "fields": {"name": "Can add Order", "content_type": 67, "codename": "add_order"}}, {"model": "auth.permission", "pk": 267, "fields": {"name": "Can change Order", "content_type": 67, "codename": "change_order"}}, {"model": "auth.permission", "pk": 268, "fields": {"name": "Can delete Order", "content_type": 67, "codename": "delete_order"}}, {"model": "auth.permission", "pk": 269, "fields": {"name": "Can view Order", "content_type": 67, "codename": "view_order"}}, {"model": "auth.permission", "pk": 270, "fields": {"name": "Can add Order Discount", "content_type": 68, "codename": "add_orderdiscount"}}, {"model": "auth.permission", "pk": 271, "fields": {"name": "Can change Order Discount", "content_type": 68, "codename": "change_orderdiscount"}}, {"model": "auth.permission", "pk": 272, "fields": {"name": "Can delete Order Discount", "content_type": 68, "codename": "delete_orderdiscount"}}, {"model": "auth.permission", "pk": 273, "fields": {"name": "Can view Order Discount", "content_type": 68, "codename": "view_orderdiscount"}}, {"model": "auth.permission", "pk": 274, "fields": {"name": "Can add Order Note", "content_type": 69, "codename": "add_ordernote"}}, {"model": "auth.permission", "pk": 275, "fields": {"name": "Can change Order Note", "content_type": 69, "codename": "change_ordernote"}}, {"model": "auth.permission", "pk": 276, "fields": {"name": "Can delete Order Note", "content_type": 69, "codename": "delete_ordernote"}}, {"model": "auth.permission", "pk": 277, "fields": {"name": "Can view Order Note", "content_type": 69, "codename": "view_ordernote"}}, {"model": "auth.permission", "pk": 278, "fields": {"name": "Can add Payment Event", "content_type": 70, "codename": "add_paymentevent"}}, {"model": "auth.permission", "pk": 279, "fields": {"name": "Can change Payment Event", "content_type": 70, "codename": "change_paymentevent"}}, {"model": "auth.permission", "pk": 280, "fields": {"name": "Can delete Payment Event", "content_type": 70, "codename": "delete_paymentevent"}}, {"model": "auth.permission", "pk": 281, "fields": {"name": "Can view Payment Event", "content_type": 70, "codename": "view_paymentevent"}}, {"model": "auth.permission", "pk": 282, "fields": {"name": "Can add Payment Event Quantity", "content_type": 71, "codename": "add_paymenteventquantity"}}, {"model": "auth.permission", "pk": 283, "fields": {"name": "Can change Payment Event Quantity", "content_type": 71, "codename": "change_paymenteventquantity"}}, {"model": "auth.permission", "pk": 284, "fields": {"name": "Can delete Payment Event Quantity", "content_type": 71, "codename": "delete_paymenteventquantity"}}, {"model": "auth.permission", "pk": 285, "fields": {"name": "Can view Payment Event Quantity", "content_type": 71, "codename": "view_paymenteventquantity"}}, {"model": "auth.permission", "pk": 286, "fields": {"name": "Can add Payment Event Type", "content_type": 72, "codename": "add_paymenteventtype"}}, {"model": "auth.permission", "pk": 287, "fields": {"name": "Can change Payment Event Type", "content_type": 72, "codename": "change_paymenteventtype"}}, {"model": "auth.permission", "pk": 288, "fields": {"name": "Can delete Payment Event Type", "content_type": 72, "codename": "delete_paymenteventtype"}}, {"model": "auth.permission", "pk": 289, "fields": {"name": "Can view Payment Event Type", "content_type": 72, "codename": "view_paymenteventtype"}}, {"model": "auth.permission", "pk": 290, "fields": {"name": "Can add Shipping address", "content_type": 73, "codename": "add_shippingaddress"}}, {"model": "auth.permission", "pk": 291, "fields": {"name": "Can change Shipping address", "content_type": 73, "codename": "change_shippingaddress"}}, {"model": "auth.permission", "pk": 292, "fields": {"name": "Can delete Shipping address", "content_type": 73, "codename": "delete_shippingaddress"}}, {"model": "auth.permission", "pk": 293, "fields": {"name": "Can view Shipping address", "content_type": 73, "codename": "view_shippingaddress"}}, {"model": "auth.permission", "pk": 294, "fields": {"name": "Can add Shipping Event", "content_type": 74, "codename": "add_shippingevent"}}, {"model": "auth.permission", "pk": 295, "fields": {"name": "Can change Shipping Event", "content_type": 74, "codename": "change_shippingevent"}}, {"model": "auth.permission", "pk": 296, "fields": {"name": "Can delete Shipping Event", "content_type": 74, "codename": "delete_shippingevent"}}, {"model": "auth.permission", "pk": 297, "fields": {"name": "Can view Shipping Event", "content_type": 74, "codename": "view_shippingevent"}}, {"model": "auth.permission", "pk": 298, "fields": {"name": "Can add Shipping Event Quantity", "content_type": 75, "codename": "add_shippingeventquantity"}}, {"model": "auth.permission", "pk": 299, "fields": {"name": "Can change Shipping Event Quantity", "content_type": 75, "codename": "change_shippingeventquantity"}}, {"model": "auth.permission", "pk": 300, "fields": {"name": "Can delete Shipping Event Quantity", "content_type": 75, "codename": "delete_shippingeventquantity"}}, {"model": "auth.permission", "pk": 301, "fields": {"name": "Can view Shipping Event Quantity", "content_type": 75, "codename": "view_shippingeventquantity"}}, {"model": "auth.permission", "pk": 302, "fields": {"name": "Can add Shipping Event Type", "content_type": 76, "codename": "add_shippingeventtype"}}, {"model": "auth.permission", "pk": 303, "fields": {"name": "Can change Shipping Event Type", "content_type": 76, "codename": "change_shippingeventtype"}}, {"model": "auth.permission", "pk": 304, "fields": {"name": "Can delete Shipping Event Type", "content_type": 76, "codename": "delete_shippingeventtype"}}, {"model": "auth.permission", "pk": 305, "fields": {"name": "Can view Shipping Event Type", "content_type": 76, "codename": "view_shippingeventtype"}}, {"model": "auth.permission", "pk": 306, "fields": {"name": "Can add Order Status Change", "content_type": 77, "codename": "add_orderstatuschange"}}, {"model": "auth.permission", "pk": 307, "fields": {"name": "Can change Order Status Change", "content_type": 77, "codename": "change_orderstatuschange"}}, {"model": "auth.permission", "pk": 308, "fields": {"name": "Can delete Order Status Change", "content_type": 77, "codename": "delete_orderstatuschange"}}, {"model": "auth.permission", "pk": 309, "fields": {"name": "Can view Order Status Change", "content_type": 77, "codename": "view_orderstatuschange"}}, {"model": "auth.permission", "pk": 310, "fields": {"name": "Can add surcharge", "content_type": 78, "codename": "add_surcharge"}}, {"model": "auth.permission", "pk": 311, "fields": {"name": "Can change surcharge", "content_type": 78, "codename": "change_surcharge"}}, {"model": "auth.permission", "pk": 312, "fields": {"name": "Can delete surcharge", "content_type": 78, "codename": "delete_surcharge"}}, {"model": "auth.permission", "pk": 313, "fields": {"name": "Can view surcharge", "content_type": 78, "codename": "view_surcharge"}}, {"model": "auth.permission", "pk": 314, "fields": {"name": "Can add Product alert", "content_type": 79, "codename": "add_productalert"}}, {"model": "auth.permission", "pk": 315, "fields": {"name": "Can change Product alert", "content_type": 79, "codename": "change_productalert"}}, {"model": "auth.permission", "pk": 316, "fields": {"name": "Can delete Product alert", "content_type": 79, "codename": "delete_productalert"}}, {"model": "auth.permission", "pk": 317, "fields": {"name": "Can view Product alert", "content_type": 79, "codename": "view_productalert"}}, {"model": "auth.permission", "pk": 318, "fields": {"name": "Can add Voucher", "content_type": 80, "codename": "add_voucher"}}, {"model": "auth.permission", "pk": 319, "fields": {"name": "Can change Voucher", "content_type": 80, "codename": "change_voucher"}}, {"model": "auth.permission", "pk": 320, "fields": {"name": "Can delete Voucher", "content_type": 80, "codename": "delete_voucher"}}, {"model": "auth.permission", "pk": 321, "fields": {"name": "Can view Voucher", "content_type": 80, "codename": "view_voucher"}}, {"model": "auth.permission", "pk": 322, "fields": {"name": "Can add Voucher Application", "content_type": 81, "codename": "add_voucherapplication"}}, {"model": "auth.permission", "pk": 323, "fields": {"name": "Can change Voucher Application", "content_type": 81, "codename": "change_voucherapplication"}}, {"model": "auth.permission", "pk": 324, "fields": {"name": "Can delete Voucher Application", "content_type": 81, "codename": "delete_voucherapplication"}}, {"model": "auth.permission", "pk": 325, "fields": {"name": "Can view Voucher Application", "content_type": 81, "codename": "view_voucherapplication"}}, {"model": "auth.permission", "pk": 326, "fields": {"name": "Can add VoucherSet", "content_type": 82, "codename": "add_voucherset"}}, {"model": "auth.permission", "pk": 327, "fields": {"name": "Can change VoucherSet", "content_type": 82, "codename": "change_voucherset"}}, {"model": "auth.permission", "pk": 328, "fields": {"name": "Can delete VoucherSet", "content_type": 82, "codename": "delete_voucherset"}}, {"model": "auth.permission", "pk": 329, "fields": {"name": "Can view VoucherSet", "content_type": 82, "codename": "view_voucherset"}}, {"model": "auth.permission", "pk": 330, "fields": {"name": "Can add Wish list line", "content_type": 83, "codename": "add_line"}}, {"model": "auth.permission", "pk": 331, "fields": {"name": "Can change Wish list line", "content_type": 83, "codename": "change_line"}}, {"model": "auth.permission", "pk": 332, "fields": {"name": "Can delete Wish list line", "content_type": 83, "codename": "delete_line"}}, {"model": "auth.permission", "pk": 333, "fields": {"name": "Can view Wish list line", "content_type": 83, "codename": "view_line"}}, {"model": "auth.permission", "pk": 334, "fields": {"name": "Can add Wish List", "content_type": 84, "codename": "add_wishlist"}}, {"model": "auth.permission", "pk": 335, "fields": {"name": "Can change Wish List", "content_type": 84, "codename": "change_wishlist"}}, {"model": "auth.permission", "pk": 336, "fields": {"name": "Can delete Wish List", "content_type": 84, "codename": "delete_wishlist"}}, {"model": "auth.permission", "pk": 337, "fields": {"name": "Can view Wish List", "content_type": 84, "codename": "view_wishlist"}}, {"model": "auth.permission", "pk": 338, "fields": {"name": "Can add kv store", "content_type": 85, "codename": "add_kvstore"}}, {"model": "auth.permission", "pk": 339, "fields": {"name": "Can change kv store", "content_type": 85, "codename": "change_kvstore"}}, {"model": "auth.permission", "pk": 340, "fields": {"name": "Can delete kv store", "content_type": 85, "codename": "delete_kvstore"}}, {"model": "auth.permission", "pk": 341, "fields": {"name": "Can view kv store", "content_type": 85, "codename": "view_kvstore"}}, {"model": "auth.user", "pk": 1, "fields": {"password": "pbkdf2_sha256$260000$du28ULn5kEFUjgURfKYBga$US91gp31DCIS2yYQ32efp0QFLYOQAWQIu1/zA79ohYE=", "last_login": null, "is_superuser": false, "username": "GxX0YNcpiRayoCqDR2g18Nx8u4ngk3", "first_name": "", "last_name": "", "email": "sreesankar36@gmail.com", "is_staff": false, "is_active": true, "date_joined": "2022-11-15T18:36:32.453Z", "groups": [], "user_permissions": []}}, {"model": "auth.user", "pk": 2, "fields": {"password": "pbkdf2_sha256$260000$FBTEaNk3xzCy1QzfnqOgK6$0UlIYt7r05PoNuq3kR2XmvahpB1q9XBBqIZg8DeVVLg=", "last_login": "2022-11-17T10:02:48.428Z", "is_superuser": true, "username": "admin", "first_name": "", "last_name": "", "email": "", "is_staff": true, "is_active": true, "date_joined": "2022-11-15T18:38:53.117Z", "groups": [], "user_permissions": []}}, {"model": "auth.user", "pk": 3, "fields": {"password": "pbkdf2_sha256$260000$osSDVzGIjx2JafTcRkrQ9R$S8ogkIOHlGzMKLpTh+UJlnT+PWjK44V2hGQ73/HeGdk=", "last_login": null, "is_superuser": false, "username": "FAf9L8cxakPJZmeHqWpVBVrGusr1xy", "first_name": "", "last_name": "", "email": "sreesankar.sayone@gmail.com", "is_staff": false, "is_active": true, "date_joined": "2022-11-16T04:51:39.247Z", "groups": [], "user_permissions": []}}, {"model": "auth.user", "pk": 4, "fields": {"password": "pbkdf2_sha256$260000$sUd8wAJeEQu5PjgYd57bsa$UX4VahXNSJ2IAomsXhNtU5pOkrEdTdSwiSqzqe64nwc=", "last_login": "2022-11-16T12:42:10.659Z", "is_superuser": false, "username": "jjVxS8izX4ipz1K20ENrOLs5U38WE1", "first_name": "Sree", "last_name": "Sankar", "email": "sreesankar362@gmail.com", "is_staff": false, "is_active": true, "date_joined": "2022-11-16T12:40:14.545Z", "groups": [], "user_permissions": []}}, {"model": "auth.user", "pk": 5, "fields": {"password": "pbkdf2_sha256$260000$FYub2hp6whYMRpdiw1u8AC$6p+K8THm3SyQZlZFoT+r/G+yVvedcuY9BfHbmQ/jKow=", "last_login": "2022-11-20T18:58:06.026Z", "is_superuser": false, "username": "Er4nQGgM3M4VHDvRpKLe7V0_NR3weJ", "first_name": "", "last_name": "", "email": "sreesanka@gmail.com", "is_staff": false, "is_active": true, "date_joined": "2022-11-20T18:58:05.878Z", "groups": [], "user_permissions": []}}, {"model": "auth.user", "pk": 6, "fields": {"password": "pbkdf2_sha256$260000$zIsdLUyQuF7xruVe0jhGhX$eOcsjQu+SrF35kHJ3u4dmQdXyF+NmJbWeeu8m0Atcp4=", "last_login": "2022-11-22T09:50:52.707Z", "is_superuser": false, "username": "Bi7P_jvUWMIultyOUmfO5VVt1q6vi9", "first_name": "", "last_name": "", "email": "sree@oscar.com", "is_staff": false, "is_active": true, "date_joined": "2022-11-22T09:50:52.529Z", "groups": [], "user_permissions": []}}, {"model": "auth.user", "pk": 7, "fields": {"password": "pbkdf2_sha256$260000$LlZf4M0CjbiCoQP15DshJj$cNjhuEK6mwHoaJWgNunO43B7OH0hVR4DcARUUIbIOnM=", "last_login": "2022-11-22T10:23:23.475Z", "is_superuser": true, "username": "sayone", "first_name": "", "last_name": "", "email": "sayone@gmail.com", "is_staff": true, "is_active": true, "date_joined": "2022-11-22T10:23:00.110Z", "groups": [], "user_permissions": []}}, {"model": "auth.user", "pk": 8, "fields": {"password": "pbkdf2_sha256$260000$tA4kRxI5x6vMGxcI3bXp0s$AxZckrTc19D1hJuv1vX8HISr9DYzVtqwzaKzqLEbV4A=", "last_login": "2022-11-23T06:08:53.690Z", "is_superuser": false, "username": "0Bh0enkYJGorfVXC8ljOFbHUZvEfHX", "first_name": "", "last_name": "", "email": "admin@gmail.com", "is_staff": false, "is_active": true, "date_joined": "2022-11-23T06:08:53.547Z", "groups": [], "user_permissions": []}}, {"model": "auth.user", "pk": 9, "fields": {"password": "pbkdf2_sha256$260000$md9EHaMnHn15StSTQdNx2v$wWcKeopQLIMP8xuU7JdYSLscd4raUkoh0He8+1mt2D8=", "last_login": "2022-11-23T09:12:54.569Z", "is_superuser": true, "username": "sree", "first_name": "", "last_name": "", "email": "sreesankar36@gmail.com", "is_staff": true, "is_active": true, "date_joined": "2022-11-23T09:12:43.866Z", "groups": [], "user_permissions": []}}, {"model": "contenttypes.contenttype", "pk": 1, "fields": {"app_label": "admin", "model": "logentry"}}, {"model": "contenttypes.contenttype", "pk": 2, "fields": {"app_label": "auth", "model": "permission"}}, {"model": "contenttypes.contenttype", "pk": 3, "fields": {"app_label": "auth", "model": "group"}}, {"model": "contenttypes.contenttype", "pk": 4, "fields": {"app_label": "auth", "model": "user"}}, {"model": "contenttypes.contenttype", "pk": 5, "fields": {"app_label": "contenttypes", "model": "contenttype"}}, {"model": "contenttypes.contenttype", "pk": 6, "fields": {"app_label": "sessions", "model": "session"}}, {"model": "contenttypes.contenttype", "pk": 7, "fields": {"app_label": "sites", "model": "site"}}, {"model": "contenttypes.contenttype", "pk": 8, "fields": {"app_label": "flatpages", "model": "flatpage"}}, {"model": "contenttypes.contenttype", "pk": 9, "fields": {"app_label": "analytics", "model": "productrecord"}}, {"model": "contenttypes.contenttype", "pk": 10, "fields": {"app_label": "analytics", "model": "userproductview"}}, {"model": "contenttypes.contenttype", "pk": 11, "fields": {"app_label": "analytics", "model": "userrecord"}}, {"model": "contenttypes.contenttype", "pk": 12, "fields": {"app_label": "analytics", "model": "usersearch"}}, {"model": "contenttypes.contenttype", "pk": 13, "fields": {"app_label": "address", "model": "country"}}, {"model": "contenttypes.contenttype", "pk": 14, "fields": {"app_label": "address", "model": "useraddress"}}, {"model": "contenttypes.contenttype", "pk": 15, "fields": {"app_label": "shipping", "model": "orderanditemcharges"}}, {"model": "contenttypes.contenttype", "pk": 16, "fields": {"app_label": "shipping", "model": "weightband"}}, {"model": "contenttypes.contenttype", "pk": 17, "fields": {"app_label": "shipping", "model": "weightbased"}}, {"model": "contenttypes.contenttype", "pk": 18, "fields": {"app_label": "catalogue", "model": "attributeoption"}}, {"model": "contenttypes.contenttype", "pk": 19, "fields": {"app_label": "catalogue", "model": "attributeoptiongroup"}}, {"model": "contenttypes.contenttype", "pk": 20, "fields": {"app_label": "catalogue", "model": "category"}}, {"model": "contenttypes.contenttype", "pk": 21, "fields": {"app_label": "catalogue", "model": "option"}}, {"model": "contenttypes.contenttype", "pk": 22, "fields": {"app_label": "catalogue", "model": "product"}}, {"model": "contenttypes.contenttype", "pk": 23, "fields": {"app_label": "catalogue", "model": "productattribute"}}, {"model": "contenttypes.contenttype", "pk": 24, "fields": {"app_label": "catalogue", "model": "productattributevalue"}}, {"model": "contenttypes.contenttype", "pk": 25, "fields": {"app_label": "catalogue", "model": "productcategory"}}, {"model": "contenttypes.contenttype", "pk": 26, "fields": {"app_label": "catalogue", "model": "productclass"}}, {"model": "contenttypes.contenttype", "pk": 27, "fields": {"app_label": "catalogue", "model": "productimage"}}, {"model": "contenttypes.contenttype", "pk": 28, "fields": {"app_label": "catalogue", "model": "productrecommendation"}}, {"model": "contenttypes.contenttype", "pk": 29, "fields": {"app_label": "reviews", "model": "productreview"}}, {"model": "contenttypes.contenttype", "pk": 30, "fields": {"app_label": "reviews", "model": "vote"}}, {"model": "contenttypes.contenttype", "pk": 31, "fields": {"app_label": "communication", "model": "communicationeventtype"}}, {"model": "contenttypes.contenttype", "pk": 32, "fields": {"app_label": "communication", "model": "email"}}, {"model": "contenttypes.contenttype", "pk": 33, "fields": {"app_label": "communication", "model": "notification"}}, {"model": "contenttypes.contenttype", "pk": 34, "fields": {"app_label": "partner", "model": "partner"}}, {"model": "contenttypes.contenttype", "pk": 35, "fields": {"app_label": "partner", "model": "partneraddress"}}, {"model": "contenttypes.contenttype", "pk": 36, "fields": {"app_label": "partner", "model": "stockalert"}}, {"model": "contenttypes.contenttype", "pk": 37, "fields": {"app_label": "partner", "model": "stockrecord"}}, {"model": "contenttypes.contenttype", "pk": 38, "fields": {"app_label": "basket", "model": "basket"}}, {"model": "contenttypes.contenttype", "pk": 39, "fields": {"app_label": "basket", "model": "line"}}, {"model": "contenttypes.contenttype", "pk": 40, "fields": {"app_label": "basket", "model": "lineattribute"}}, {"model": "contenttypes.contenttype", "pk": 41, "fields": {"app_label": "payment", "model": "bankcard"}}, {"model": "contenttypes.contenttype", "pk": 42, "fields": {"app_label": "payment", "model": "source"}}, {"model": "contenttypes.contenttype", "pk": 43, "fields": {"app_label": "payment", "model": "sourcetype"}}, {"model": "contenttypes.contenttype", "pk": 44, "fields": {"app_label": "payment", "model": "transaction"}}, {"model": "contenttypes.contenttype", "pk": 45, "fields": {"app_label": "offer", "model": "benefit"}}, {"model": "contenttypes.contenttype", "pk": 46, "fields": {"app_label": "offer", "model": "condition"}}, {"model": "contenttypes.contenttype", "pk": 47, "fields": {"app_label": "offer", "model": "conditionaloffer"}}, {"model": "contenttypes.contenttype", "pk": 48, "fields": {"app_label": "offer", "model": "range"}}, {"model": "contenttypes.contenttype", "pk": 49, "fields": {"app_label": "offer", "model": "rangeproduct"}}, {"model": "contenttypes.contenttype", "pk": 50, "fields": {"app_label": "offer", "model": "rangeproductfileupload"}}, {"model": "contenttypes.contenttype", "pk": 51, "fields": {"app_label": "offer", "model": "absolutediscountbenefit"}}, {"model": "contenttypes.contenttype", "pk": 52, "fields": {"app_label": "offer", "model": "countcondition"}}, {"model": "contenttypes.contenttype", "pk": 53, "fields": {"app_label": "offer", "model": "coveragecondition"}}, {"model": "contenttypes.contenttype", "pk": 54, "fields": {"app_label": "offer", "model": "fixedpricebenefit"}}, {"model": "contenttypes.contenttype", "pk": 55, "fields": {"app_label": "offer", "model": "multibuydiscountbenefit"}}, {"model": "contenttypes.contenttype", "pk": 56, "fields": {"app_label": "offer", "model": "percentagediscountbenefit"}}, {"model": "contenttypes.contenttype", "pk": 57, "fields": {"app_label": "offer", "model": "shippingbenefit"}}, {"model": "contenttypes.contenttype", "pk": 58, "fields": {"app_label": "offer", "model": "shippingabsolutediscountbenefit"}}, {"model": "contenttypes.contenttype", "pk": 59, "fields": {"app_label": "offer", "model": "shippingfixedpricebenefit"}}, {"model": "contenttypes.contenttype", "pk": 60, "fields": {"app_label": "offer", "model": "shippingpercentagediscountbenefit"}}, {"model": "contenttypes.contenttype", "pk": 61, "fields": {"app_label": "offer", "model": "valuecondition"}}, {"model": "contenttypes.contenttype", "pk": 62, "fields": {"app_label": "order", "model": "billingaddress"}}, {"model": "contenttypes.contenttype", "pk": 63, "fields": {"app_label": "order", "model": "communicationevent"}}, {"model": "contenttypes.contenttype", "pk": 64, "fields": {"app_label": "order", "model": "line"}}, {"model": "contenttypes.contenttype", "pk": 65, "fields": {"app_label": "order", "model": "lineattribute"}}, {"model": "contenttypes.contenttype", "pk": 66, "fields": {"app_label": "order", "model": "lineprice"}}, {"model": "contenttypes.contenttype", "pk": 67, "fields": {"app_label": "order", "model": "order"}}, {"model": "contenttypes.contenttype", "pk": 68, "fields": {"app_label": "order", "model": "orderdiscount"}}, {"model": "contenttypes.contenttype", "pk": 69, "fields": {"app_label": "order", "model": "ordernote"}}, {"model": "contenttypes.contenttype", "pk": 70, "fields": {"app_label": "order", "model": "paymentevent"}}, {"model": "contenttypes.contenttype", "pk": 71, "fields": {"app_label": "order", "model": "paymenteventquantity"}}, {"model": "contenttypes.contenttype", "pk": 72, "fields": {"app_label": "order", "model": "paymenteventtype"}}, {"model": "contenttypes.contenttype", "pk": 73, "fields": {"app_label": "order", "model": "shippingaddress"}}, {"model": "contenttypes.contenttype", "pk": 74, "fields": {"app_label": "order", "model": "shippingevent"}}, {"model": "contenttypes.contenttype", "pk": 75, "fields": {"app_label": "order", "model": "shippingeventquantity"}}, {"model": "contenttypes.contenttype", "pk": 76, "fields": {"app_label": "order", "model": "shippingeventtype"}}, {"model": "contenttypes.contenttype", "pk": 77, "fields": {"app_label": "order", "model": "orderstatuschange"}}, {"model": "contenttypes.contenttype", "pk": 78, "fields": {"app_label": "order", "model": "surcharge"}}, {"model": "contenttypes.contenttype", "pk": 79, "fields": {"app_label": "customer", "model": "productalert"}}, {"model": "contenttypes.contenttype", "pk": 80, "fields": {"app_label": "voucher", "model": "voucher"}}, {"model": "contenttypes.contenttype", "pk": 81, "fields": {"app_label": "voucher", "model": "voucherapplication"}}, {"model": "contenttypes.contenttype", "pk": 82, "fields": {"app_label": "voucher", "model": "voucherset"}}, {"model": "contenttypes.contenttype", "pk": 83, "fields": {"app_label": "wishlists", "model": "line"}}, {"model": "contenttypes.contenttype", "pk": 84, "fields": {"app_label": "wishlists", "model": "wishlist"}}, {"model": "contenttypes.contenttype", "pk": 85, "fields": {"app_label": "thumbnail", "model": "kvstore"}}, {"model": "sessions.session", "pk": "65b2nc914xhl4kal266hnwnlh2gzmowh", "fields": {"session_data": ".eJyFj9FuwyAMRf-F5ywKkNCkj33fNyCDTcmyQQVk01Tl35d0UdVJk_pm-1xfX1-Zhrl4PWdKekR2ZAOrHmcG7ERhA_gG4RxrG0NJo6k3Sb3TXL9GpPfTrv1j4CH7zdZxDngYEIQznVSKH5Rw2ABxqdBI0zeDsL2kpnGyt23bKEChnLEwiJ73q6n1ZKc4F41QgB2vLPvxchnDeatvtwAxUc63R0TFPqj4iNqu2dYELhG93FeW5cEwJtzf513FfjsudPEQpu8468-RvmilJc105_IJb5_w7n--_AC20I0a:1oyAZj:ADjboP0gDQyLMTKJl9ry8ewPZuwFtY9uzi8HvuP4oqA", "expire_date": "2022-12-08T11:39:27.811Z"}}, {"model": "sessions.session", "pk": "emo389o8wjdlqdgp0wqcvvz7qo9akgr0", "fields": {"session_data": ".eJyFkE1uwyAQhe_COo0wtkPoslLPgQYYF-TYWPy0qiLfvdhJq3RRuoKZb957A1ciIScrc8QgnSHPhJPDY0-BHnHegI8awhGWJR51jslPWKpt7j4Sj68TuMvLXfDLxUK0xaLRZ92xvhOt4OosBqZhwJ5RxXnTAgclhl60neqRCl6OQQveaiNYLzpx6rbVtEU9-pykgQTk-Uqidcvi5rftvmeBMQFj3F_THMiEyXojtTdYNhgC4tOPZD0Q5S6Xm7oUMavJxej8vLn5YIrdnCeFoVhRShktAogjpt2d0XV92Og2v8eW3FvVyGRhHj99lu8OP7DAFDJ-Y1bHbR13ddzX8amOeR2f61jUcUP_4X_82_oFe7T2ww:1oxiiN:N9j6KDZDx4nfYttIO8yZOSZrZPC_gYBSCdN5wDdxWAU", "expire_date": "2022-12-07T05:54:31.635Z"}}, {"model": "sessions.session", "pk": "ij6a9inih4dda4lefzofiujet96q84wj", "fields": {"session_data": ".eJyVUU1r3DAQ_StGp5a4i7Vre-UcCz2UkDZQ6FWMpXEsVpaMNEobgv97pa5bkmN0mnnz3tN8vDAJiWaZIgZpNLtlHatfYyOoC7pS8FFBOMC6xoNKkfyCOSu8nRIPXxYw9vMueOMyQ5yzhRinaeBc60lpJZC3ndLQ9qiFxgHFsVED8OPA1SQ4F0ojHzU_81PTAfSimbKpmlFdfCKpgYDdvrA4m3U17rHEC9LstVReY_5tCoif_pdr5vCXBK0Dxigng1bHoilDu2RtzciQLbr7kMmTCZGkg6UgP7JTxiy8gsBdoBCtcciLCq33RKn6iahT_YABnmGpq_tk4QkcVB8evn_c-cfM38PTO6Vt5t95a2HJQCSg0sxdVljIwOoj7dP3A--aU9mYT47C8_W6X78VGUJQsyT8TddG1tk7lC4tI4aM3Ay8GkR7Hqq2OwtRVucJY-FuW81GY-114TmJaVxMjMa7skwfdL72PyPe5NdnAcQL0t8G-m3b_gDOV84w:1owzkB:6m5aVLsnObGKva2GBTkYx-TGX8s9jRpDymISmtjZyTs", "expire_date": "2022-12-05T05:53:23.124Z"}}, {"model": "sessions.session", "pk": "rbe19w0ze4x22obajicu9fesbxtns202", "fields": {"session_data": ".eJyVUcFO3DAQ_ZXIJ6qG1SbZbRKOvVVoKRISV2sSj4lZx17ZYwpC-XfGbKjgiE_jN--Nn9-8CgmJJpkiBmmUuBK1KD9jA4xHdLmhHsE9-M3oHQUzbDJls3bj5uAV2t8r98uACeLE6hGHEau23TZKd7ppetXVLUBd6UFD1yPoTkHdbXFAjQoYbPfYtPUOYY-qz67GCcejTyQVEIirVxEnczoZ95DrGWnySo7sg1_TAfHyf7sUDv9JUCpgjFIbtCpmTf6vS9aWggzZrDsEJmsTIkkHc0bueBJjFj5B4I6QidY4rLIKrfdEqbhHVKm8xQAvMJfFIVl4AgfFxe3fHyu_Zv5aNt-U7ph_7a2FmYFIQNnMNSssMHDykdbf_-qr_bbJifnEy3o5L_bPTZYhhHGShM90NnKavEPp0jxgYORnXxV9t2v7Yrdvuy5H5wlj5i5LKQZj7TlwvsQ0zCZG410O0wfF2_4YVG35VCyAeER6N1Aty_IGR3rM7Q:1oveNP:z3qsMUlsglqcOUQ_iEzS5aciC4PhOy6csUmn49G91RQ", "expire_date": "2022-12-01T12:52:19.973Z"}}, {"model": "sites.site", "pk": 1, "fields": {"domain": "example.com", "name": "example.com"}}, {"model": "analytics.productrecord", "pk": 2, "fields": {"product": 5, "num_views": 18, "num_basket_additions": 9, "num_purchases": 5, "score": 0.0}}, {"model": "analytics.productrecord", "pk": 3, "fields": {"product": 4, "num_views": 22, "num_basket_additions": 12, "num_purchases": 5, "score": 0.0}}, {"model": "analytics.productrecord", "pk": 4, "fields": {"product": 3, "num_views": 18, "num_basket_additions": 10, "num_purchases": 7, "score": 0.0}}, {"model": "analytics.productrecord", "pk": 5, "fields": {"product": 2, "num_views": 12, "num_basket_additions": 4, "num_purchases": 4, "score": 0.0}}, {"model": "analytics.userrecord", "pk": 1, "fields": {"user": 2, "num_product_views": 16, "num_basket_additions": 5, "num_orders": 0, "num_order_lines": 0, "num_order_items": 0, "total_spent": "0.00", "date_last_order": null}}, {"model": "analytics.userrecord", "pk": 2, "fields": {"user": 4, "num_product_views": 0, "num_basket_additions": 1, "num_orders": 0, "num_order_lines": 0, "num_order_items": 0, "total_spent": "0.00", "date_last_order": null}}, {"model": "analytics.userrecord", "pk": 3, "fields": {"user": 5, "num_product_views": 0, "num_basket_additions": 1, "num_orders": 0, "num_order_lines": 0, "num_order_items": 0, "total_spent": "0.00", "date_last_order": null}}, {"model": "analytics.userrecord", "pk": 4, "fields": {"user": 7, "num_product_views": 34, "num_basket_additions": 17, "num_orders": 11, "num_order_lines": 12, "num_order_items": 16, "total_spent": "408438.00", "date_last_order": "2022-11-23T05:47:02.861Z"}}, {"model": "analytics.userrecord", "pk": 5, "fields": {"user": 8, "num_product_views": 8, "num_basket_additions": 4, "num_orders": 0, "num_order_lines": 0, "num_order_items": 0, "total_spent": "0.00", "date_last_order": null}}, {"model": "analytics.userrecord", "pk": 6, "fields": {"user": 9, "num_product_views": 16, "num_basket_additions": 6, "num_orders": 4, "num_order_lines": 5, "num_order_items": 5, "total_spent": "202988.00", "date_last_order": "2022-11-24T11:39:11.886Z"}}, {"model": "analytics.userproductview", "pk": 8, "fields": {"user": 2, "product": 5, "date_created": "2022-11-16T06:44:02.656Z"}}, {"model": "analytics.userproductview", "pk": 9, "fields": {"user": 2, "product": 5, "date_created": "2022-11-16T06:44:26.402Z"}}, {"model": "analytics.userproductview", "pk": 10, "fields": {"user": 2, "product": 5, "date_created": "2022-11-16T06:45:14.300Z"}}, {"model": "analytics.userproductview", "pk": 11, "fields": {"user": 2, "product": 5, "date_created": "2022-11-16T06:45:23.840Z"}}, {"model": "analytics.userproductview", "pk": 12, "fields": {"user": 2, "product": 4, "date_created": "2022-11-16T07:36:44.517Z"}}, {"model": "analytics.userproductview", "pk": 13, "fields": {"user": 2, "product": 4, "date_created": "2022-11-16T07:36:56.239Z"}}, {"model": "analytics.userproductview", "pk": 14, "fields": {"user": 2, "product": 4, "date_created": "2022-11-16T07:42:07.083Z"}}, {"model": "analytics.userproductview", "pk": 15, "fields": {"user": 2, "product": 4, "date_created": "2022-11-16T07:42:25.530Z"}}, {"model": "analytics.userproductview", "pk": 16, "fields": {"user": 2, "product": 5, "date_created": "2022-11-16T11:38:07.802Z"}}, {"model": "analytics.userproductview", "pk": 17, "fields": {"user": 7, "product": 5, "date_created": "2022-11-22T10:59:05.365Z"}}, {"model": "analytics.userproductview", "pk": 18, "fields": {"user": 7, "product": 5, "date_created": "2022-11-22T11:16:31.771Z"}}, {"model": "analytics.userproductview", "pk": 19, "fields": {"user": 7, "product": 5, "date_created": "2022-11-22T11:16:33.784Z"}}, {"model": "analytics.userproductview", "pk": 20, "fields": {"user": 7, "product": 5, "date_created": "2022-11-22T18:19:05.979Z"}}, {"model": "analytics.userproductview", "pk": 21, "fields": {"user": 7, "product": 5, "date_created": "2022-11-22T19:19:23.298Z"}}, {"model": "analytics.userproductview", "pk": 22, "fields": {"user": 7, "product": 5, "date_created": "2022-11-22T19:19:27.361Z"}}, {"model": "analytics.userproductview", "pk": 23, "fields": {"user": 7, "product": 3, "date_created": "2022-11-22T20:49:40.515Z"}}, {"model": "analytics.userproductview", "pk": 24, "fields": {"user": 7, "product": 3, "date_created": "2022-11-22T20:49:41.834Z"}}, {"model": "analytics.userproductview", "pk": 25, "fields": {"user": 7, "product": 3, "date_created": "2022-11-22T20:52:35.179Z"}}, {"model": "analytics.userproductview", "pk": 26, "fields": {"user": 7, "product": 3, "date_created": "2022-11-22T20:52:52.201Z"}}, {"model": "analytics.userproductview", "pk": 27, "fields": {"user": 7, "product": 3, "date_created": "2022-11-22T20:52:58.099Z"}}, {"model": "analytics.userproductview", "pk": 28, "fields": {"user": 7, "product": 5, "date_created": "2022-11-22T20:54:36.500Z"}}, {"model": "analytics.userproductview", "pk": 29, "fields": {"user": 7, "product": 5, "date_created": "2022-11-22T20:54:37.733Z"}}, {"model": "analytics.userproductview", "pk": 30, "fields": {"user": 7, "product": 2, "date_created": "2022-11-22T20:57:43.780Z"}}, {"model": "analytics.userproductview", "pk": 31, "fields": {"user": 7, "product": 2, "date_created": "2022-11-22T20:57:44.748Z"}}, {"model": "analytics.userproductview", "pk": 32, "fields": {"user": 7, "product": 4, "date_created": "2022-11-22T21:02:50.012Z"}}, {"model": "analytics.userproductview", "pk": 33, "fields": {"user": 7, "product": 4, "date_created": "2022-11-22T21:02:51.182Z"}}, {"model": "analytics.userproductview", "pk": 34, "fields": {"user": 7, "product": 2, "date_created": "2022-11-22T21:04:09.637Z"}}, {"model": "analytics.userproductview", "pk": 35, "fields": {"user": 7, "product": 2, "date_created": "2022-11-22T21:04:10.631Z"}}, {"model": "analytics.userproductview", "pk": 36, "fields": {"user": 7, "product": 3, "date_created": "2022-11-22T21:05:40.832Z"}}, {"model": "analytics.userproductview", "pk": 37, "fields": {"user": 7, "product": 3, "date_created": "2022-11-22T21:05:41.679Z"}}, {"model": "analytics.userproductview", "pk": 38, "fields": {"user": 7, "product": 4, "date_created": "2022-11-23T04:18:35.699Z"}}, {"model": "analytics.userproductview", "pk": 39, "fields": {"user": 7, "product": 4, "date_created": "2022-11-23T04:18:37.940Z"}}, {"model": "analytics.userproductview", "pk": 40, "fields": {"user": 7, "product": 5, "date_created": "2022-11-23T04:27:31.321Z"}}, {"model": "analytics.userproductview", "pk": 41, "fields": {"user": 7, "product": 5, "date_created": "2022-11-23T04:27:32.366Z"}}, {"model": "analytics.userproductview", "pk": 42, "fields": {"user": 7, "product": 4, "date_created": "2022-11-23T05:23:31.453Z"}}, {"model": "analytics.userproductview", "pk": 43, "fields": {"user": 7, "product": 4, "date_created": "2022-11-23T05:23:32.543Z"}}, {"model": "analytics.userproductview", "pk": 44, "fields": {"user": 7, "product": 3, "date_created": "2022-11-23T05:25:03.323Z"}}, {"model": "analytics.userproductview", "pk": 45, "fields": {"user": 7, "product": 3, "date_created": "2022-11-23T05:25:04.085Z"}}, {"model": "analytics.userproductview", "pk": 46, "fields": {"user": 7, "product": 3, "date_created": "2022-11-23T05:25:07.368Z"}}, {"model": "analytics.userproductview", "pk": 47, "fields": {"user": 7, "product": 3, "date_created": "2022-11-23T05:36:13.403Z"}}, {"model": "analytics.userproductview", "pk": 48, "fields": {"user": 7, "product": 3, "date_created": "2022-11-23T05:36:15.071Z"}}, {"model": "analytics.userproductview", "pk": 49, "fields": {"user": 7, "product": 3, "date_created": "2022-11-23T05:47:39.288Z"}}, {"model": "analytics.userproductview", "pk": 50, "fields": {"user": 7, "product": 3, "date_created": "2022-11-23T05:47:40.468Z"}}, {"model": "analytics.userproductview", "pk": 51, "fields": {"user": 8, "product": 3, "date_created": "2022-11-23T06:08:57.481Z"}}, {"model": "analytics.userproductview", "pk": 52, "fields": {"user": 8, "product": 3, "date_created": "2022-11-23T06:08:58.707Z"}}, {"model": "analytics.userproductview", "pk": 53, "fields": {"user": 8, "product": 4, "date_created": "2022-11-23T06:48:21.450Z"}}, {"model": "analytics.userproductview", "pk": 54, "fields": {"user": 8, "product": 4, "date_created": "2022-11-23T06:48:22.315Z"}}, {"model": "analytics.userproductview", "pk": 55, "fields": {"user": 8, "product": 4, "date_created": "2022-11-23T07:33:17.854Z"}}, {"model": "analytics.userproductview", "pk": 56, "fields": {"user": 8, "product": 4, "date_created": "2022-11-23T07:33:18.777Z"}}, {"model": "analytics.userproductview", "pk": 57, "fields": {"user": 8, "product": 4, "date_created": "2022-11-23T08:21:45.587Z"}}, {"model": "analytics.userproductview", "pk": 58, "fields": {"user": 8, "product": 4, "date_created": "2022-11-23T08:21:46.809Z"}}, {"model": "analytics.userproductview", "pk": 59, "fields": {"user": 9, "product": 4, "date_created": "2022-11-23T09:21:46.157Z"}}, {"model": "analytics.userproductview", "pk": 60, "fields": {"user": 9, "product": 4, "date_created": "2022-11-23T09:21:47.455Z"}}, {"model": "analytics.userproductview", "pk": 61, "fields": {"user": 9, "product": 2, "date_created": "2022-11-23T11:12:15.803Z"}}, {"model": "analytics.userproductview", "pk": 62, "fields": {"user": 9, "product": 2, "date_created": "2022-11-23T11:12:16.775Z"}}, {"model": "analytics.userproductview", "pk": 63, "fields": {"user": 9, "product": 4, "date_created": "2022-11-23T14:43:54.712Z"}}, {"model": "analytics.userproductview", "pk": 64, "fields": {"user": 9, "product": 4, "date_created": "2022-11-23T14:43:55.874Z"}}, {"model": "analytics.userproductview", "pk": 65, "fields": {"user": 9, "product": 2, "date_created": "2022-11-23T15:04:19.149Z"}}, {"model": "analytics.userproductview", "pk": 66, "fields": {"user": 9, "product": 2, "date_created": "2022-11-23T15:04:20.126Z"}}, {"model": "analytics.userproductview", "pk": 67, "fields": {"user": 9, "product": 2, "date_created": "2022-11-23T15:05:05.366Z"}}, {"model": "analytics.userproductview", "pk": 68, "fields": {"user": 9, "product": 2, "date_created": "2022-11-23T15:05:08.266Z"}}, {"model": "analytics.userproductview", "pk": 69, "fields": {"user": 9, "product": 3, "date_created": "2022-11-24T11:35:10.845Z"}}, {"model": "analytics.userproductview", "pk": 70, "fields": {"user": 9, "product": 2, "date_created": "2022-11-24T11:35:37.022Z"}}, {"model": "analytics.userproductview", "pk": 71, "fields": {"user": 9, "product": 5, "date_created": "2022-11-24T11:38:36.353Z"}}, {"model": "analytics.userproductview", "pk": 72, "fields": {"user": 9, "product": 4, "date_created": "2022-11-24T11:38:39.180Z"}}, {"model": "analytics.userproductview", "pk": 73, "fields": {"user": 9, "product": 3, "date_created": "2022-11-24T11:38:41.420Z"}}, {"model": "analytics.userproductview", "pk": 74, "fields": {"user": 9, "product": 2, "date_created": "2022-11-24T11:38:43.650Z"}}, {"model": "address.useraddress", "pk": 1, "fields": {"title": "Mr", "first_name": "Sree", "last_name": "Sankar", "line1": "Meloottu Veedu,Perayam, Mulavana (PO)", "line2": "", "line3": "Meloottu Veedu,Perayam, Mulavana (PO)", "line4": "Kollam", "state": "Kerala", "postcode": "691503", "country": "IN", "search_text": "Sree Sankar Meloottu Veedu,Perayam, Mulavana (PO) Meloottu Veedu,Perayam, Mulavana (PO) Kollam Kerala 691503 Republic of India", "phone_number": "+919847945788", "notes": "", "user": 7, "is_default_for_shipping": false, "is_default_for_billing": false, "num_orders_as_shipping_address": 11, "num_orders_as_billing_address": 0, "hash": "3905811242", "date_created": "2022-11-22T20:49:16.153Z"}}, {"model": "address.useraddress", "pk": 2, "fields": {"title": "Mr", "first_name": "Sree", "last_name": "Sankar", "line1": "Meloottu Veedu,Perayam, Mulavana (PO)", "line2": "", "line3": "Meloottu Veedu,Perayam, Mulavana (PO)", "line4": "Kollam", "state": "Kerala", "postcode": "691503", "country": "IN", "search_text": "Sree Sankar Meloottu Veedu,Perayam, Mulavana (PO) Meloottu Veedu,Perayam, Mulavana (PO) Kollam Kerala 691503 Republic of India", "phone_number": "+919847945788", "notes": "", "user": 9, "is_default_for_shipping": false, "is_default_for_billing": false, "num_orders_as_shipping_address": 4, "num_orders_as_billing_address": 0, "hash": "3905811242", "date_created": "2022-11-23T11:26:21.638Z"}}, {"model": "address.country", "pk": "AD", "fields": {"iso_3166_1_a3": "AND", "iso_3166_1_numeric": "020", "printable_name": "Andorra", "name": "Principality of Andorra", "display_order": 0, "is_shipping_country": true}}, {"model": "address.country", "pk": "AE", "fields": {"iso_3166_1_a3": "ARE", "iso_3166_1_numeric": "784", "printable_name": "United Arab Emirates", "name": "", "display_order": 0, "is_shipping_country": true}}, {"model": "address.country", "pk": "AF", "fields": {"iso_3166_1_a3": "AFG", "iso_3166_1_numeric": "004", "printable_name": "Afghanistan", "name": "Islamic Republic of Afghanistan", "display_order": 0, "is_shipping_country": true}}, {"model": "address.country", "pk": "AG", "fields": {"iso_3166_1_a3": "ATG", "iso_3166_1_numeric": "028", "printable_name": "Antigua and Barbuda", "name": "", "display_order": 0, "is_shipping_country": true}}, {"model": "address.country", "pk": "AI", "fields": {"iso_3166_1_a3": "AIA", "iso_3166_1_numeric": "660", "printable_name": "Anguilla", "name": "", "display_order": 0, "is_shipping_country": true}}, {"model": "address.country", "pk": "AL", "fields": {"iso_3166_1_a3": "ALB", "iso_3166_1_numeric": "008", "printable_name": "Albania", "name": "Republic of Albania", "display_order": 0, "is_shipping_country": true}}, {"model": "address.country", "pk": "AM", "fields": {"iso_3166_1_a3": "ARM", "iso_3166_1_numeric": "051", "printable_name": "Armenia", "name": "Republic of Armenia", "display_order": 0, "is_shipping_country": true}}, {"model": "address.country", "pk": "AO", "fields": {"iso_3166_1_a3": "AGO", "iso_3166_1_numeric": "024", "printable_name": "Angola", "name": "Republic of Angola", "display_order": 0, "is_shipping_country": true}}, {"model": "address.country", "pk": "AQ", "fields": {"iso_3166_1_a3": "ATA", "iso_3166_1_numeric": "010", "printable_name": "Antarctica", "name": "", "display_order": 0, "is_shipping_country": true}}, {"model": "address.country", "pk": "AR", "fields": {"iso_3166_1_a3": "ARG", "iso_3166_1_numeric": "032", "printable_name": "Argentina", "name": "Argentine Republic", "display_order": 0, "is_shipping_country": true}}, {"model": "address.country", "pk": "AS", "fields": {"iso_3166_1_a3": "ASM", "iso_3166_1_numeric": "016", "printable_name": "American Samoa", "name": "", "display_order": 0, "is_shipping_country": true}}, {"model": "address.country", "pk": "AT", "fields": {"iso_3166_1_a3": "AUT", "iso_3166_1_numeric": "040", "printable_name": "Austria", "name": "Republic of Austria", "display_order": 0, "is_shipping_country": true}}, {"model": "address.country", "pk": "AU", "fields": {"iso_3166_1_a3": "AUS", "iso_3166_1_numeric": "036", "printable_name": "Australia", "name": "", "display_order": 0, "is_shipping_country": true}}, {"model": "address.country", "pk": "AW", "fields": {"iso_3166_1_a3": "ABW", "iso_3166_1_numeric": "533", "printable_name": "Aruba", "name": "", "display_order": 0, "is_shipping_country": true}}, {"model": "address.country", "pk": "AX", "fields": {"iso_3166_1_a3": "ALA", "iso_3166_1_numeric": "248", "printable_name": "land Islands", "name": "", "display_order": 0, "is_shipping_country": true}}, {"model": "address.country", "pk": "AZ", "fields": {"iso_3166_1_a3": "AZE", "iso_3166_1_numeric": "031", "printable_name": "Azerbaijan", "name": "Republic of Azerbaijan", "display_order": 0, "is_shipping_country": true}}, {"model": "address.country", "pk": "BA", "fields": {"iso_3166_1_a3": "BIH", "iso_3166_1_numeric": "070", "printable_name": "Bosnia and Herzegovina", "name": "Republic of Bosnia and Herzegovina", "display_order": 0, "is_shipping_country": true}}, {"model": "address.country", "pk": "BB", "fields": {"iso_3166_1_a3": "BRB", "iso_3166_1_numeric": "052", "printable_name": "Barbados", "name": "", "display_order": 0, "is_shipping_country": true}}, {"model": "address.country", "pk": "BD", "fields": {"iso_3166_1_a3": "BGD", "iso_3166_1_numeric": "050", "printable_name": "Bangladesh", "name": "People's Republic of Bangladesh", "display_order": 0, "is_shipping_country": true}}, {"model": "address.country", "pk": "BE", "fields": {"iso_3166_1_a3": "BEL", "iso_3166_1_numeric": "056", "printable_name": "Belgium", "name": "Kingdom of Belgium", "display_order": 0, "is_shipping_country": true}}, {"model": "address.country", "pk": "BF", "fields": {"iso_3166_1_a3": "BFA", "iso_3166_1_numeric": "854", "printable_name": "Burkina Faso", "name": "", "display_order": 0, "is_shipping_country": true}}, {"model": "address.country", "pk": "BG", "fields": {"iso_3166_1_a3": "BGR", "iso_3166_1_numeric": "100", "printable_name": "Bulgaria", "name": "Republic of Bulgaria", "display_order": 0, "is_shipping_country": true}}, {"model": "address.country", "pk": "BH", "fields": {"iso_3166_1_a3": "BHR", "iso_3166_1_numeric": "048", "printable_name": "Bahrain", "name": "Kingdom of Bahrain", "display_order": 0, "is_shipping_country": true}}, {"model": "address.country", "pk": "BI", "fields": {"iso_3166_1_a3": "BDI", "iso_3166_1_numeric": "108", "printable_name": "Burundi", "name": "Republic of Burundi", "display_order": 0, "is_shipping_country": true}}, {"model": "address.country", "pk": "BJ", "fields": {"iso_3166_1_a3": "BEN", "iso_3166_1_numeric": "204", "printable_name": "Benin", "name": "Republic of Benin", "display_order": 0, "is_shipping_country": true}}, {"model": "address.country", "pk": "BL", "fields": {"iso_3166_1_a3": "BLM", "iso_3166_1_numeric": "652", "printable_name": "Saint Barthlemy", "name": "", "display_order": 0, "is_shipping_country": true}}, {"model": "address.country", "pk": "BM", "fields": {"iso_3166_1_a3": "BMU", "iso_3166_1_numeric": "060", "printable_name": "Bermuda", "name": "", "display_order": 0, "is_shipping_country": true}}, {"model": "address.country", "pk": "BN", "fields": {"iso_3166_1_a3": "BRN", "iso_3166_1_numeric": "096", "printable_name": "Brunei Darussalam", "name": "", "display_order": 0, "is_shipping_country": true}}, {"model": "address.country", "pk": "BO", "fields": {"iso_3166_1_a3": "BOL", "iso_3166_1_numeric": "068", "printable_name": "Bolivia, Plurinational State of", "name": "Plurinational State of Bolivia", "display_order": 0, "is_shipping_country": true}}, {"model": "address.country", "pk": "BQ", "fields": {"iso_3166_1_a3": "BES", "iso_3166_1_numeric": "535", "printable_name": "Bonaire, Sint Eustatius and Saba", "name": "Bonaire, Sint Eustatius and Saba", "display_order": 0, "is_shipping_country": true}}, {"model": "address.country", "pk": "BR", "fields": {"iso_3166_1_a3": "BRA", "iso_3166_1_numeric": "076", "printable_name": "Brazil", "name": "Federative Republic of Brazil", "display_order": 0, "is_shipping_country": true}}, {"model": "address.country", "pk": "BS", "fields": {"iso_3166_1_a3": "BHS", "iso_3166_1_numeric": "044", "printable_name": "Bahamas", "name": "Commonwealth of the Bahamas", "display_order": 0, "is_shipping_country": true}}, {"model": "address.country", "pk": "BT", "fields": {"iso_3166_1_a3": "BTN", "iso_3166_1_numeric": "064", "printable_name": "Bhutan", "name": "Kingdom of Bhutan", "display_order": 0, "is_shipping_country": true}}, {"model": "address.country", "pk": "BV", "fields": {"iso_3166_1_a3": "BVT", "iso_3166_1_numeric": "074", "printable_name": "Bouvet Island", "name": "", "display_order": 0, "is_shipping_country": true}}, {"model": "address.country", "pk": "BW", "fields": {"iso_3166_1_a3": "BWA", "iso_3166_1_numeric": "072", "printable_name": "Botswana", "name": "Republic of Botswana", "display_order": 0, "is_shipping_country": true}}, {"model": "address.country", "pk": "BY", "fields": {"iso_3166_1_a3": "BLR", "iso_3166_1_numeric": "112", "printable_name": "Belarus", "name": "Republic of Belarus", "display_order": 0, "is_shipping_country": true}}, {"model": "address.country", "pk": "BZ", "fields": {"iso_3166_1_a3": "BLZ", "iso_3166_1_numeric": "084", "printable_name": "Belize", "name": "", "display_order": 0, "is_shipping_country": true}}, {"model": "address.country", "pk": "CA", "fields": {"iso_3166_1_a3": "CAN", "iso_3166_1_numeric": "124", "printable_name": "Canada", "name": "", "display_order": 0, "is_shipping_country": true}}, {"model": "address.country", "pk": "CC", "fields": {"iso_3166_1_a3": "CCK", "iso_3166_1_numeric": "166", "printable_name": "Cocos (Keeling) Islands", "name": "", "display_order": 0, "is_shipping_country": true}}, {"model": "address.country", "pk": "CD", "fields": {"iso_3166_1_a3": "COD", "iso_3166_1_numeric": "180", "printable_name": "Congo, The Democratic Republic of the", "name": "", "display_order": 0, "is_shipping_country": true}}, {"model": "address.country", "pk": "CF", "fields": {"iso_3166_1_a3": "CAF", "iso_3166_1_numeric": "140", "printable_name": "Central African Republic", "name": "", "display_order": 0, "is_shipping_country": true}}, {"model": "address.country", "pk": "CG", "fields": {"iso_3166_1_a3": "COG", "iso_3166_1_numeric": "178", "printable_name": "Congo", "name": "Republic of the Congo", "display_order": 0, "is_shipping_country": true}}, {"model": "address.country", "pk": "CH", "fields": {"iso_3166_1_a3": "CHE", "iso_3166_1_numeric": "756", "printable_name": "Switzerland", "name": "Swiss Confederation", "display_order": 0, "is_shipping_country": true}}, {"model": "address.country", "pk": "CI", "fields": {"iso_3166_1_a3": "CIV", "iso_3166_1_numeric": "384", "printable_name": "Cte d'Ivoire", "name": "Republic of Cte d'Ivoire", "display_order": 0, "is_shipping_country": true}}, {"model": "address.country", "pk": "CK", "fields": {"iso_3166_1_a3": "COK", "iso_3166_1_numeric": "184", "printable_name": "Cook Islands", "name": "", "display_order": 0, "is_shipping_country": true}}, {"model": "address.country", "pk": "CL", "fields": {"iso_3166_1_a3": "CHL", "iso_3166_1_numeric": "152", "printable_name": "Chile", "name": "Republic of Chile", "display_order": 0, "is_shipping_country": true}}, {"model": "address.country", "pk": "CM", "fields": {"iso_3166_1_a3": "CMR", "iso_3166_1_numeric": "120", "printable_name": "Cameroon", "name": "Republic of Cameroon", "display_order": 0, "is_shipping_country": true}}, {"model": "address.country", "pk": "CN", "fields": {"iso_3166_1_a3": "CHN", "iso_3166_1_numeric": "156", "printable_name": "China", "name": "People's Republic of China", "display_order": 0, "is_shipping_country": true}}, {"model": "address.country", "pk": "CO", "fields": {"iso_3166_1_a3": "COL", "iso_3166_1_numeric": "170", "printable_name": "Colombia", "name": "Republic of Colombia", "display_order": 0, "is_shipping_country": true}}, {"model": "address.country", "pk": "CR", "fields": {"iso_3166_1_a3": "CRI", "iso_3166_1_numeric": "188", "printable_name": "Costa Rica", "name": "Republic of Costa Rica", "display_order": 0, "is_shipping_country": true}}, {"model": "address.country", "pk": "CU", "fields": {"iso_3166_1_a3": "CUB", "iso_3166_1_numeric": "192", "printable_name": "Cuba", "name": "Republic of Cuba", "display_order": 0, "is_shipping_country": true}}, {"model": "address.country", "pk": "CV", "fields": {"iso_3166_1_a3": "CPV", "iso_3166_1_numeric": "132", "printable_name": "Cabo Verde", "name": "Republic of Cabo Verde", "display_order": 0, "is_shipping_country": true}}, {"model": "address.country", "pk": "CW", "fields": {"iso_3166_1_a3": "CUW", "iso_3166_1_numeric": "531", "printable_name": "Curaao", "name": "Curaao", "display_order": 0, "is_shipping_country": true}}, {"model": "address.country", "pk": "CX", "fields": {"iso_3166_1_a3": "CXR", "iso_3166_1_numeric": "162", "printable_name": "Christmas Island", "name": "", "display_order": 0, "is_shipping_country": true}}, {"model": "address.country", "pk": "CY", "fields": {"iso_3166_1_a3": "CYP", "iso_3166_1_numeric": "196", "printable_name": "Cyprus", "name": "Republic of Cyprus", "display_order": 0, "is_shipping_country": true}}, {"model": "address.country", "pk": "CZ", "fields": {"iso_3166_1_a3": "CZE", "iso_3166_1_numeric": "203", "printable_name": "Czechia", "name": "Czech Republic", "display_order": 0, "is_shipping_country": true}}, {"model": "address.country", "pk": "DE", "fields": {"iso_3166_1_a3": "DEU", "iso_3166_1_numeric": "276", "printable_name": "Germany", "name": "Federal Republic of Germany", "display_order": 0, "is_shipping_country": true}}, {"model": "address.country", "pk": "DJ", "fields": {"iso_3166_1_a3": "DJI", "iso_3166_1_numeric": "262", "printable_name": "Djibouti", "name": "Republic of Djibouti", "display_order": 0, "is_shipping_country": true}}, {"model": "address.country", "pk": "DK", "fields": {"iso_3166_1_a3": "DNK", "iso_3166_1_numeric": "208", "printable_name": "Denmark", "name": "Kingdom of Denmark", "display_order": 0, "is_shipping_country": true}}, {"model": "address.country", "pk": "DM", "fields": {"iso_3166_1_a3": "DMA", "iso_3166_1_numeric": "212", "printable_name": "Dominica", "name": "Commonwealth of Dominica", "display_order": 0, "is_shipping_country": true}}, {"model": "address.country", "pk": "DO", "fields": {"iso_3166_1_a3": "DOM", "iso_3166_1_numeric": "214", "printable_name": "Dominican Republic", "name": "", "display_order": 0, "is_shipping_country": true}}, {"model": "address.country", "pk": "DZ", "fields": {"iso_3166_1_a3": "DZA", "iso_3166_1_numeric": "012", "printable_name": "Algeria", "name": "People's Democratic Republic of Algeria", "display_order": 0, "is_shipping_country": true}}, {"model": "address.country", "pk": "EC", "fields": {"iso_3166_1_a3": "ECU", "iso_3166_1_numeric": "218", "printable_name": "Ecuador", "name": "Republic of Ecuador", "display_order": 0, "is_shipping_country": true}}, {"model": "address.country", "pk": "EE", "fields": {"iso_3166_1_a3": "EST", "iso_3166_1_numeric": "233", "printable_name": "Estonia", "name": "Republic of Estonia", "display_order": 0, "is_shipping_country": true}}, {"model": "address.country", "pk": "EG", "fields": {"iso_3166_1_a3": "EGY", "iso_3166_1_numeric": "818", "printable_name": "Egypt", "name": "Arab Republic of Egypt", "display_order": 0, "is_shipping_country": true}}, {"model": "address.country", "pk": "EH", "fields": {"iso_3166_1_a3": "ESH", "iso_3166_1_numeric": "732", "printable_name": "Western Sahara", "name": "", "display_order": 0, "is_shipping_country": true}}, {"model": "address.country", "pk": "ER", "fields": {"iso_3166_1_a3": "ERI", "iso_3166_1_numeric": "232", "printable_name": "Eritrea", "name": "the State of Eritrea", "display_order": 0, "is_shipping_country": true}}, {"model": "address.country", "pk": "ES", "fields": {"iso_3166_1_a3": "ESP", "iso_3166_1_numeric": "724", "printable_name": "Spain", "name": "Kingdom of Spain", "display_order": 0, "is_shipping_country": true}}, {"model": "address.country", "pk": "ET", "fields": {"iso_3166_1_a3": "ETH", "iso_3166_1_numeric": "231", "printable_name": "Ethiopia", "name": "Federal Democratic Republic of Ethiopia", "display_order": 0, "is_shipping_country": true}}, {"model": "address.country", "pk": "FI", "fields": {"iso_3166_1_a3": "FIN", "iso_3166_1_numeric": "246", "printable_name": "Finland", "name": "Republic of Finland", "display_order": 0, "is_shipping_country": true}}, {"model": "address.country", "pk": "FJ", "fields": {"iso_3166_1_a3": "FJI", "iso_3166_1_numeric": "242", "printable_name": "Fiji", "name": "Republic of Fiji", "display_order": 0, "is_shipping_country": true}}, {"model": "address.country", "pk": "FK", "fields": {"iso_3166_1_a3": "FLK", "iso_3166_1_numeric": "238", "printable_name": "Falkland Islands (Malvinas)", "name": "", "display_order": 0, "is_shipping_country": true}}, {"model": "address.country", "pk": "FM", "fields": {"iso_3166_1_a3": "FSM", "iso_3166_1_numeric": "583", "printable_name": "Micronesia, Federated States of", "name": "Federated States of Micronesia", "display_order": 0, "is_shipping_country": true}}, {"model": "address.country", "pk": "FO", "fields": {"iso_3166_1_a3": "FRO", "iso_3166_1_numeric": "234", "printable_name": "Faroe Islands", "name": "", "display_order": 0, "is_shipping_country": true}}, {"model": "address.country", "pk": "FR", "fields": {"iso_3166_1_a3": "FRA", "iso_3166_1_numeric": "250", "printable_name": "France", "name": "French Republic", "display_order": 0, "is_shipping_country": true}}, {"model": "address.country", "pk": "GA", "fields": {"iso_3166_1_a3": "GAB", "iso_3166_1_numeric": "266", "printable_name": "Gabon", "name": "Gabonese Republic", "display_order": 0, "is_shipping_country": true}}, {"model": "address.country", "pk": "GB", "fields": {"iso_3166_1_a3": "GBR", "iso_3166_1_numeric": "826", "printable_name": "United Kingdom", "name": "United Kingdom of Great Britain and Northern Ireland", "display_order": 0, "is_shipping_country": true}}, {"model": "address.country", "pk": "GD", "fields": {"iso_3166_1_a3": "GRD", "iso_3166_1_numeric": "308", "printable_name": "Grenada", "name": "", "display_order": 0, "is_shipping_country": true}}, {"model": "address.country", "pk": "GE", "fields": {"iso_3166_1_a3": "GEO", "iso_3166_1_numeric": "268", "printable_name": "Georgia", "name": "", "display_order": 0, "is_shipping_country": true}}, {"model": "address.country", "pk": "GF", "fields": {"iso_3166_1_a3": "GUF", "iso_3166_1_numeric": "254", "printable_name": "French Guiana", "name": "", "display_order": 0, "is_shipping_country": true}}, {"model": "address.country", "pk": "GG", "fields": {"iso_3166_1_a3": "GGY", "iso_3166_1_numeric": "831", "printable_name": "Guernsey", "name": "", "display_order": 0, "is_shipping_country": true}}, {"model": "address.country", "pk": "GH", "fields": {"iso_3166_1_a3": "GHA", "iso_3166_1_numeric": "288", "printable_name": "Ghana", "name": "Republic of Ghana", "display_order": 0, "is_shipping_country": true}}, {"model": "address.country", "pk": "GI", "fields": {"iso_3166_1_a3": "GIB", "iso_3166_1_numeric": "292", "printable_name": "Gibraltar", "name": "", "display_order": 0, "is_shipping_country": true}}, {"model": "address.country", "pk": "GL", "fields": {"iso_3166_1_a3": "GRL", "iso_3166_1_numeric": "304", "printable_name": "Greenland", "name": "", "display_order": 0, "is_shipping_country": true}}, {"model": "address.country", "pk": "GM", "fields": {"iso_3166_1_a3": "GMB", "iso_3166_1_numeric": "270", "printable_name": "Gambia", "name": "Republic of the Gambia", "display_order": 0, "is_shipping_country": true}}, {"model": "address.country", "pk": "GN", "fields": {"iso_3166_1_a3": "GIN", "iso_3166_1_numeric": "324", "printable_name": "Guinea", "name": "Republic of Guinea", "display_order": 0, "is_shipping_country": true}}, {"model": "address.country", "pk": "GP", "fields": {"iso_3166_1_a3": "GLP", "iso_3166_1_numeric": "312", "printable_name": "Guadeloupe", "name": "", "display_order": 0, "is_shipping_country": true}}, {"model": "address.country", "pk": "GQ", "fields": {"iso_3166_1_a3": "GNQ", "iso_3166_1_numeric": "226", "printable_name": "Equatorial Guinea", "name": "Republic of Equatorial Guinea", "display_order": 0, "is_shipping_country": true}}, {"model": "address.country", "pk": "GR", "fields": {"iso_3166_1_a3": "GRC", "iso_3166_1_numeric": "300", "printable_name": "Greece", "name": "Hellenic Republic", "display_order": 0, "is_shipping_country": true}}, {"model": "address.country", "pk": "GS", "fields": {"iso_3166_1_a3": "SGS", "iso_3166_1_numeric": "239", "printable_name": "South Georgia and the South Sandwich Islands", "name": "", "display_order": 0, "is_shipping_country": true}}, {"model": "address.country", "pk": "GT", "fields": {"iso_3166_1_a3": "GTM", "iso_3166_1_numeric": "320", "printable_name": "Guatemala", "name": "Republic of Guatemala", "display_order": 0, "is_shipping_country": true}}, {"model": "address.country", "pk": "GU", "fields": {"iso_3166_1_a3": "GUM", "iso_3166_1_numeric": "316", "printable_name": "Guam", "name": "", "display_order": 0, "is_shipping_country": true}}, {"model": "address.country", "pk": "GW", "fields": {"iso_3166_1_a3": "GNB", "iso_3166_1_numeric": "624", "printable_name": "Guinea-Bissau", "name": "Republic of Guinea-Bissau", "display_order": 0, "is_shipping_country": true}}, {"model": "address.country", "pk": "GY", "fields": {"iso_3166_1_a3": "GUY", "iso_3166_1_numeric": "328", "printable_name": "Guyana", "name": "Republic of Guyana", "display_order": 0, "is_shipping_country": true}}, {"model": "address.country", "pk": "HK", "fields": {"iso_3166_1_a3": "HKG", "iso_3166_1_numeric": "344", "printable_name": "Hong Kong", "name": "Hong Kong Special Administrative Region of China", "display_order": 0, "is_shipping_country": true}}, {"model": "address.country", "pk": "HM", "fields": {"iso_3166_1_a3": "HMD", "iso_3166_1_numeric": "334", "printable_name": "Heard Island and McDonald Islands", "name": "", "display_order": 0, "is_shipping_country": true}}, {"model": "address.country", "pk": "HN", "fields": {"iso_3166_1_a3": "HND", "iso_3166_1_numeric": "340", "printable_name": "Honduras", "name": "Republic of Honduras", "display_order": 0, "is_shipping_country": true}}, {"model": "address.country", "pk": "HR", "fields": {"iso_3166_1_a3": "HRV", "iso_3166_1_numeric": "191", "printable_name": "Croatia", "name": "Republic of Croatia", "display_order": 0, "is_shipping_country": true}}, {"model": "address.country", "pk": "HT", "fields": {"iso_3166_1_a3": "HTI", "iso_3166_1_numeric": "332", "printable_name": "Haiti", "name": "Republic of Haiti", "display_order": 0, "is_shipping_country": true}}, {"model": "address.country", "pk": "HU", "fields": {"iso_3166_1_a3": "HUN", "iso_3166_1_numeric": "348", "printable_name": "Hungary", "name": "Hungary", "display_order": 0, "is_shipping_country": true}}, {"model": "address.country", "pk": "ID", "fields": {"iso_3166_1_a3": "IDN", "iso_3166_1_numeric": "360", "printable_name": "Indonesia", "name": "Republic of Indonesia", "display_order": 0, "is_shipping_country": true}}, {"model": "address.country", "pk": "IE", "fields": {"iso_3166_1_a3": "IRL", "iso_3166_1_numeric": "372", "printable_name": "Ireland", "name": "", "display_order": 0, "is_shipping_country": true}}, {"model": "address.country", "pk": "IL", "fields": {"iso_3166_1_a3": "ISR", "iso_3166_1_numeric": "376", "printable_name": "Israel", "name": "State of Israel", "display_order": 0, "is_shipping_country": true}}, {"model": "address.country", "pk": "IM", "fields": {"iso_3166_1_a3": "IMN", "iso_3166_1_numeric": "833", "printable_name": "Isle of Man", "name": "", "display_order": 0, "is_shipping_country": true}}, {"model": "address.country", "pk": "IN", "fields": {"iso_3166_1_a3": "IND", "iso_3166_1_numeric": "356", "printable_name": "India", "name": "Republic of India", "display_order": 0, "is_shipping_country": true}}, {"model": "address.country", "pk": "IO", "fields": {"iso_3166_1_a3": "IOT", "iso_3166_1_numeric": "086", "printable_name": "British Indian Ocean Territory", "name": "", "display_order": 0, "is_shipping_country": true}}, {"model": "address.country", "pk": "IQ", "fields": {"iso_3166_1_a3": "IRQ", "iso_3166_1_numeric": "368", "printable_name": "Iraq", "name": "Republic of Iraq", "display_order": 0, "is_shipping_country": true}}, {"model": "address.country", "pk": "IR", "fields": {"iso_3166_1_a3": "IRN", "iso_3166_1_numeric": "364", "printable_name": "Iran, Islamic Republic of", "name": "Islamic Republic of Iran", "display_order": 0, "is_shipping_country": true}}, {"model": "address.country", "pk": "IS", "fields": {"iso_3166_1_a3": "ISL", "iso_3166_1_numeric": "352", "printable_name": "Iceland", "name": "Republic of Iceland", "display_order": 0, "is_shipping_country": true}}, {"model": "address.country", "pk": "IT", "fields": {"iso_3166_1_a3": "ITA", "iso_3166_1_numeric": "380", "printable_name": "Italy", "name": "Italian Republic", "display_order": 0, "is_shipping_country": true}}, {"model": "address.country", "pk": "JE", "fields": {"iso_3166_1_a3": "JEY", "iso_3166_1_numeric": "832", "printable_name": "Jersey", "name": "", "display_order": 0, "is_shipping_country": true}}, {"model": "address.country", "pk": "JM", "fields": {"iso_3166_1_a3": "JAM", "iso_3166_1_numeric": "388", "printable_name": "Jamaica", "name": "", "display_order": 0, "is_shipping_country": true}}, {"model": "address.country", "pk": "JO", "fields": {"iso_3166_1_a3": "JOR", "iso_3166_1_numeric": "400", "printable_name": "Jordan", "name": "Hashemite Kingdom of Jordan", "display_order": 0, "is_shipping_country": true}}, {"model": "address.country", "pk": "JP", "fields": {"iso_3166_1_a3": "JPN", "iso_3166_1_numeric": "392", "printable_name": "Japan", "name": "", "display_order": 0, "is_shipping_country": true}}, {"model": "address.country", "pk": "KE", "fields": {"iso_3166_1_a3": "KEN", "iso_3166_1_numeric": "404", "printable_name": "Kenya", "name": "Republic of Kenya", "display_order": 0, "is_shipping_country": true}}, {"model": "address.country", "pk": "KG", "fields": {"iso_3166_1_a3": "KGZ", "iso_3166_1_numeric": "417", "printable_name": "Kyrgyzstan", "name": "Kyrgyz Republic", "display_order": 0, "is_shipping_country": true}}, {"model": "address.country", "pk": "KH", "fields": {"iso_3166_1_a3": "KHM", "iso_3166_1_numeric": "116", "printable_name": "Cambodia", "name": "Kingdom of Cambodia", "display_order": 0, "is_shipping_country": true}}, {"model": "address.country", "pk": "KI", "fields": {"iso_3166_1_a3": "KIR", "iso_3166_1_numeric": "296", "printable_name": "Kiribati", "name": "Republic of Kiribati", "display_order": 0, "is_shipping_country": true}}, {"model": "address.country", "pk": "KM", "fields": {"iso_3166_1_a3": "COM", "iso_3166_1_numeric": "174", "printable_name": "Comoros", "name": "Union of the Comoros", "display_order": 0, "is_shipping_country": true}}, {"model": "address.country", "pk": "KN", "fields": {"iso_3166_1_a3": "KNA", "iso_3166_1_numeric": "659", "printable_name": "Saint Kitts and Nevis", "name": "", "display_order": 0, "is_shipping_country": true}}, {"model": "address.country", "pk": "KP", "fields": {"iso_3166_1_a3": "PRK", "iso_3166_1_numeric": "408", "printable_name": "Korea, Democratic People's Republic of", "name": "Democratic People's Republic of Korea", "display_order": 0, "is_shipping_country": true}}, {"model": "address.country", "pk": "KR", "fields": {"iso_3166_1_a3": "KOR", "iso_3166_1_numeric": "410", "printable_name": "Korea, Republic of", "name": "", "display_order": 0, "is_shipping_country": true}}, {"model": "address.country", "pk": "KW", "fields": {"iso_3166_1_a3": "KWT", "iso_3166_1_numeric": "414", "printable_name": "Kuwait", "name": "State of Kuwait", "display_order": 0, "is_shipping_country": true}}, {"model": "address.country", "pk": "KY", "fields": {"iso_3166_1_a3": "CYM", "iso_3166_1_numeric": "136", "printable_name": "Cayman Islands", "name": "", "display_order": 0, "is_shipping_country": true}}, {"model": "address.country", "pk": "KZ", "fields": {"iso_3166_1_a3": "KAZ", "iso_3166_1_numeric": "398", "printable_name": "Kazakhstan", "name": "Republic of Kazakhstan", "display_order": 0, "is_shipping_country": true}}, {"model": "address.country", "pk": "LA", "fields": {"iso_3166_1_a3": "LAO", "iso_3166_1_numeric": "418", "printable_name": "Lao People's Democratic Republic", "name": "", "display_order": 0, "is_shipping_country": true}}, {"model": "address.country", "pk": "LB", "fields": {"iso_3166_1_a3": "LBN", "iso_3166_1_numeric": "422", "printable_name": "Lebanon", "name": "Lebanese Republic", "display_order": 0, "is_shipping_country": true}}, {"model": "address.country", "pk": "LC", "fields": {"iso_3166_1_a3": "LCA", "iso_3166_1_numeric": "662", "printable_name": "Saint Lucia", "name": "", "display_order": 0, "is_shipping_country": true}}, {"model": "address.country", "pk": "LI", "fields": {"iso_3166_1_a3": "LIE", "iso_3166_1_numeric": "438", "printable_name": "Liechtenstein", "name": "Principality of Liechtenstein", "display_order": 0, "is_shipping_country": true}}, {"model": "address.country", "pk": "LK", "fields": {"iso_3166_1_a3": "LKA", "iso_3166_1_numeric": "144", "printable_name": "Sri Lanka", "name": "Democratic Socialist Republic of Sri Lanka", "display_order": 0, "is_shipping_country": true}}, {"model": "address.country", "pk": "LR", "fields": {"iso_3166_1_a3": "LBR", "iso_3166_1_numeric": "430", "printable_name": "Liberia", "name": "Republic of Liberia", "display_order": 0, "is_shipping_country": true}}, {"model": "address.country", "pk": "LS", "fields": {"iso_3166_1_a3": "LSO", "iso_3166_1_numeric": "426", "printable_name": "Lesotho", "name": "Kingdom of Lesotho", "display_order": 0, "is_shipping_country": true}}, {"model": "address.country", "pk": "LT", "fields": {"iso_3166_1_a3": "LTU", "iso_3166_1_numeric": "440", "printable_name": "Lithuania", "name": "Republic of Lithuania", "display_order": 0, "is_shipping_country": true}}, {"model": "address.country", "pk": "LU", "fields": {"iso_3166_1_a3": "LUX", "iso_3166_1_numeric": "442", "printable_name": "Luxembourg", "name": "Grand Duchy of Luxembourg", "display_order": 0, "is_shipping_country": true}}, {"model": "address.country", "pk": "LV", "fields": {"iso_3166_1_a3": "LVA", "iso_3166_1_numeric": "428", "printable_name": "Latvia", "name": "Republic of Latvia", "display_order": 0, "is_shipping_country": true}}, {"model": "address.country", "pk": "LY", "fields": {"iso_3166_1_a3": "LBY", "iso_3166_1_numeric": "434", "printable_name": "Libya", "name": "Libya", "display_order": 0, "is_shipping_country": true}}, {"model": "address.country", "pk": "MA", "fields": {"iso_3166_1_a3": "MAR", "iso_3166_1_numeric": "504", "printable_name": "Morocco", "name": "Kingdom of Morocco", "display_order": 0, "is_shipping_country": true}}, {"model": "address.country", "pk": "MC", "fields": {"iso_3166_1_a3": "MCO", "iso_3166_1_numeric": "492", "printable_name": "Monaco", "name": "Principality of Monaco", "display_order": 0, "is_shipping_country": true}}, {"model": "address.country", "pk": "MD", "fields": {"iso_3166_1_a3": "MDA", "iso_3166_1_numeric": "498", "printable_name": "Moldova, Republic of", "name": "Republic of Moldova", "display_order": 0, "is_shipping_country": true}}, {"model": "address.country", "pk": "ME", "fields": {"iso_3166_1_a3": "MNE", "iso_3166_1_numeric": "499", "printable_name": "Montenegro", "name": "Montenegro", "display_order": 0, "is_shipping_country": true}}, {"model": "address.country", "pk": "MF", "fields": {"iso_3166_1_a3": "MAF", "iso_3166_1_numeric": "663", "printable_name": "Saint Martin (French part)", "name": "", "display_order": 0, "is_shipping_country": true}}, {"model": "address.country", "pk": "MG", "fields": {"iso_3166_1_a3": "MDG", "iso_3166_1_numeric": "450", "printable_name": "Madagascar", "name": "Republic of Madagascar", "display_order": 0, "is_shipping_country": true}}, {"model": "address.country", "pk": "MH", "fields": {"iso_3166_1_a3": "MHL", "iso_3166_1_numeric": "584", "printable_name": "Marshall Islands", "name": "Republic of the Marshall Islands", "display_order": 0, "is_shipping_country": true}}, {"model": "address.country", "pk": "MK", "fields": {"iso_3166_1_a3": "MKD", "iso_3166_1_numeric": "807", "printable_name": "North Macedonia", "name": "Republic of North Macedonia", "display_order": 0, "is_shipping_country": true}}, {"model": "address.country", "pk": "ML", "fields": {"iso_3166_1_a3": "MLI", "iso_3166_1_numeric": "466", "printable_name": "Mali", "name": "Republic of Mali", "display_order": 0, "is_shipping_country": true}}, {"model": "address.country", "pk": "MM", "fields": {"iso_3166_1_a3": "MMR", "iso_3166_1_numeric": "104", "printable_name": "Myanmar", "name": "Republic of Myanmar", "display_order": 0, "is_shipping_country": true}}, {"model": "address.country", "pk": "MN", "fields": {"iso_3166_1_a3": "MNG", "iso_3166_1_numeric": "496", "printable_name": "Mongolia", "name": "", "display_order": 0, "is_shipping_country": true}}, {"model": "address.country", "pk": "MO", "fields": {"iso_3166_1_a3": "MAC", "iso_3166_1_numeric": "446", "printable_name": "Macao", "name": "Macao Special Administrative Region of China", "display_order": 0, "is_shipping_country": true}}, {"model": "address.country", "pk": "MP", "fields": {"iso_3166_1_a3": "MNP", "iso_3166_1_numeric": "580", "printable_name": "Northern Mariana Islands", "name": "Commonwealth of the Northern Mariana Islands", "display_order": 0, "is_shipping_country": true}}, {"model": "address.country", "pk": "MQ", "fields": {"iso_3166_1_a3": "MTQ", "iso_3166_1_numeric": "474", "printable_name": "Martinique", "name": "", "display_order": 0, "is_shipping_country": true}}, {"model": "address.country", "pk": "MR", "fields": {"iso_3166_1_a3": "MRT", "iso_3166_1_numeric": "478", "printable_name": "Mauritania", "name": "Islamic Republic of Mauritania", "display_order": 0, "is_shipping_country": true}}, {"model": "address.country", "pk": "MS", "fields": {"iso_3166_1_a3": "MSR", "iso_3166_1_numeric": "500", "printable_name": "Montserrat", "name": "", "display_order": 0, "is_shipping_country": true}}, {"model": "address.country", "pk": "MT", "fields": {"iso_3166_1_a3": "MLT", "iso_3166_1_numeric": "470", "printable_name": "Malta", "name": "Republic of Malta", "display_order": 0, "is_shipping_country": true}}, {"model": "address.country", "pk": "MU", "fields": {"iso_3166_1_a3": "MUS", "iso_3166_1_numeric": "480", "printable_name": "Mauritius", "name": "Republic of Mauritius", "display_order": 0, "is_shipping_country": true}}, {"model": "address.country", "pk": "MV", "fields": {"iso_3166_1_a3": "MDV", "iso_3166_1_numeric": "462", "printable_name": "Maldives", "name": "Republic of Maldives", "display_order": 0, "is_shipping_country": true}}, {"model": "address.country", "pk": "MW", "fields": {"iso_3166_1_a3": "MWI", "iso_3166_1_numeric": "454", "printable_name": "Malawi", "name": "Republic of Malawi", "display_order": 0, "is_shipping_country": true}}, {"model": "address.country", "pk": "MX", "fields": {"iso_3166_1_a3": "MEX", "iso_3166_1_numeric": "484", "printable_name": "Mexico", "name": "United Mexican States", "display_order": 0, "is_shipping_country": true}}, {"model": "address.country", "pk": "MY", "fields": {"iso_3166_1_a3": "MYS", "iso_3166_1_numeric": "458", "printable_name": "Malaysia", "name": "", "display_order": 0, "is_shipping_country": true}}, {"model": "address.country", "pk": "MZ", "fields": {"iso_3166_1_a3": "MOZ", "iso_3166_1_numeric": "508", "printable_name": "Mozambique", "name": "Republic of Mozambique", "display_order": 0, "is_shipping_country": true}}, {"model": "address.country", "pk": "NA", "fields": {"iso_3166_1_a3": "NAM", "iso_3166_1_numeric": "516", "printable_name": "Namibia", "name": "Republic of Namibia", "display_order": 0, "is_shipping_country": true}}, {"model": "address.country", "pk": "NC", "fields": {"iso_3166_1_a3": "NCL", "iso_3166_1_numeric": "540", "printable_name": "New Caledonia", "name": "", "display_order": 0, "is_shipping_country": true}}, {"model": "address.country", "pk": "NE", "fields": {"iso_3166_1_a3": "NER", "iso_3166_1_numeric": "562", "printable_name": "Niger", "name": "Republic of the Niger", "display_order": 0, "is_shipping_country": true}}, {"model": "address.country", "pk": "NF", "fields": {"iso_3166_1_a3": "NFK", "iso_3166_1_numeric": "574", "printable_name": "Norfolk Island", "name": "", "display_order": 0, "is_shipping_country": true}}, {"model": "address.country", "pk": "NG", "fields": {"iso_3166_1_a3": "NGA", "iso_3166_1_numeric": "566", "printable_name": "Nigeria", "name": "Federal Republic of Nigeria", "display_order": 0, "is_shipping_country": true}}, {"model": "address.country", "pk": "NI", "fields": {"iso_3166_1_a3": "NIC", "iso_3166_1_numeric": "558", "printable_name": "Nicaragua", "name": "Republic of Nicaragua", "display_order": 0, "is_shipping_country": true}}, {"model": "address.country", "pk": "NL", "fields": {"iso_3166_1_a3": "NLD", "iso_3166_1_numeric": "528", "printable_name": "Netherlands", "name": "Kingdom of the Netherlands", "display_order": 0, "is_shipping_country": true}}, {"model": "address.country", "pk": "NO", "fields": {"iso_3166_1_a3": "NOR", "iso_3166_1_numeric": "578", "printable_name": "Norway", "name": "Kingdom of Norway", "display_order": 0, "is_shipping_country": true}}, {"model": "address.country", "pk": "NP", "fields": {"iso_3166_1_a3": "NPL", "iso_3166_1_numeric": "524", "printable_name": "Nepal", "name": "Federal Democratic Republic of Nepal", "display_order": 0, "is_shipping_country": true}}, {"model": "address.country", "pk": "NR", "fields": {"iso_3166_1_a3": "NRU", "iso_3166_1_numeric": "520", "printable_name": "Nauru", "name": "Republic of Nauru", "display_order": 0, "is_shipping_country": true}}, {"model": "address.country", "pk": "NU", "fields": {"iso_3166_1_a3": "NIU", "iso_3166_1_numeric": "570", "printable_name": "Niue", "name": "Niue", "display_order": 0, "is_shipping_country": true}}, {"model": "address.country", "pk": "NZ", "fields": {"iso_3166_1_a3": "NZL", "iso_3166_1_numeric": "554", "printable_name": "New Zealand", "name": "", "display_order": 0, "is_shipping_country": true}}, {"model": "address.country", "pk": "OM", "fields": {"iso_3166_1_a3": "OMN", "iso_3166_1_numeric": "512", "printable_name": "Oman", "name": "Sultanate of Oman", "display_order": 0, "is_shipping_country": true}}, {"model": "address.country", "pk": "PA", "fields": {"iso_3166_1_a3": "PAN", "iso_3166_1_numeric": "591", "printable_name": "Panama", "name": "Republic of Panama", "display_order": 0, "is_shipping_country": true}}, {"model": "address.country", "pk": "PE", "fields": {"iso_3166_1_a3": "PER", "iso_3166_1_numeric": "604", "printable_name": "Peru", "name": "Republic of Peru", "display_order": 0, "is_shipping_country": true}}, {"model": "address.country", "pk": "PF", "fields": {"iso_3166_1_a3": "PYF", "iso_3166_1_numeric": "258", "printable_name": "French Polynesia", "name": "", "display_order": 0, "is_shipping_country": true}}, {"model": "address.country", "pk": "PG", "fields": {"iso_3166_1_a3": "PNG", "iso_3166_1_numeric": "598", "printable_name": "Papua New Guinea", "name": "Independent State of Papua New Guinea", "display_order": 0, "is_shipping_country": true}}, {"model": "address.country", "pk": "PH", "fields": {"iso_3166_1_a3": "PHL", "iso_3166_1_numeric": "608", "printable_name": "Philippines", "name": "Republic of the Philippines", "display_order": 0, "is_shipping_country": true}}, {"model": "address.country", "pk": "PK", "fields": {"iso_3166_1_a3": "PAK", "iso_3166_1_numeric": "586", "printable_name": "Pakistan", "name": "Islamic Republic of Pakistan", "display_order": 0, "is_shipping_country": true}}, {"model": "address.country", "pk": "PL", "fields": {"iso_3166_1_a3": "POL", "iso_3166_1_numeric": "616", "printable_name": "Poland", "name": "Republic of Poland", "display_order": 0, "is_shipping_country": true}}, {"model": "address.country", "pk": "PM", "fields": {"iso_3166_1_a3": "SPM", "iso_3166_1_numeric": "666", "printable_name": "Saint Pierre and Miquelon", "name": "", "display_order": 0, "is_shipping_country": true}}, {"model": "address.country", "pk": "PN", "fields": {"iso_3166_1_a3": "PCN", "iso_3166_1_numeric": "612", "printable_name": "Pitcairn", "name": "", "display_order": 0, "is_shipping_country": true}}, {"model": "address.country", "pk": "PR", "fields": {"iso_3166_1_a3": "PRI", "iso_3166_1_numeric": "630", "printable_name": "Puerto Rico", "name": "", "display_order": 0, "is_shipping_country": true}}, {"model": "address.country", "pk": "PS", "fields": {"iso_3166_1_a3": "PSE", "iso_3166_1_numeric": "275", "printable_name": "Palestine, State of", "name": "the State of Palestine", "display_order": 0, "is_shipping_country": true}}, {"model": "address.country", "pk": "PT", "fields": {"iso_3166_1_a3": "PRT", "iso_3166_1_numeric": "620", "printable_name": "Portugal", "name": "Portuguese Republic", "display_order": 0, "is_shipping_country": true}}, {"model": "address.country", "pk": "PW", "fields": {"iso_3166_1_a3": "PLW", "iso_3166_1_numeric": "585", "printable_name": "Palau", "name": "Republic of Palau", "display_order": 0, "is_shipping_country": true}}, {"model": "address.country", "pk": "PY", "fields": {"iso_3166_1_a3": "PRY", "iso_3166_1_numeric": "600", "printable_name": "Paraguay", "name": "Republic of Paraguay", "display_order": 0, "is_shipping_country": true}}, {"model": "address.country", "pk": "QA", "fields": {"iso_3166_1_a3": "QAT", "iso_3166_1_numeric": "634", "printable_name": "Qatar", "name": "State of Qatar", "display_order": 0, "is_shipping_country": true}}, {"model": "address.country", "pk": "RE", "fields": {"iso_3166_1_a3": "REU", "iso_3166_1_numeric": "638", "printable_name": "Runion", "name": "", "display_order": 0, "is_shipping_country": true}}, {"model": "address.country", "pk": "RO", "fields": {"iso_3166_1_a3": "ROU", "iso_3166_1_numeric": "642", "printable_name": "Romania", "name": "", "display_order": 0, "is_shipping_country": true}}, {"model": "address.country", "pk": "RS", "fields": {"iso_3166_1_a3": "SRB", "iso_3166_1_numeric": "688", "printable_name": "Serbia", "name": "Republic of Serbia", "display_order": 0, "is_shipping_country": true}}, {"model": "address.country", "pk": "RU", "fields": {"iso_3166_1_a3": "RUS", "iso_3166_1_numeric": "643", "printable_name": "Russian Federation", "name": "", "display_order": 0, "is_shipping_country": true}}, {"model": "address.country", "pk": "RW", "fields": {"iso_3166_1_a3": "RWA", "iso_3166_1_numeric": "646", "printable_name": "Rwanda", "name": "Rwandese Republic", "display_order": 0, "is_shipping_country": true}}, {"model": "address.country", "pk": "SA", "fields": {"iso_3166_1_a3": "SAU", "iso_3166_1_numeric": "682", "printable_name": "Saudi Arabia", "name": "Kingdom of Saudi Arabia", "display_order": 0, "is_shipping_country": true}}, {"model": "address.country", "pk": "SB", "fields": {"iso_3166_1_a3": "SLB", "iso_3166_1_numeric": "090", "printable_name": "Solomon Islands", "name": "", "display_order": 0, "is_shipping_country": true}}, {"model": "address.country", "pk": "SC", "fields": {"iso_3166_1_a3": "SYC", "iso_3166_1_numeric": "690", "printable_name": "Seychelles", "name": "Republic of Seychelles", "display_order": 0, "is_shipping_country": true}}, {"model": "address.country", "pk": "SD", "fields": {"iso_3166_1_a3": "SDN", "iso_3166_1_numeric": "729", "printable_name": "Sudan", "name": "Republic of the Sudan", "display_order": 0, "is_shipping_country": true}}, {"model": "address.country", "pk": "SE", "fields": {"iso_3166_1_a3": "SWE", "iso_3166_1_numeric": "752", "printable_name": "Sweden", "name": "Kingdom of Sweden", "display_order": 0, "is_shipping_country": true}}, {"model": "address.country", "pk": "SG", "fields": {"iso_3166_1_a3": "SGP", "iso_3166_1_numeric": "702", "printable_name": "Singapore", "name": "Republic of Singapore", "display_order": 0, "is_shipping_country": true}}, {"model": "address.country", "pk": "SH", "fields": {"iso_3166_1_a3": "SHN", "iso_3166_1_numeric": "654", "printable_name": "Saint Helena, Ascension and Tristan da Cunha", "name": "", "display_order": 0, "is_shipping_country": true}}, {"model": "address.country", "pk": "SI", "fields": {"iso_3166_1_a3": "SVN", "iso_3166_1_numeric": "705", "printable_name": "Slovenia", "name": "Republic of Slovenia", "display_order": 0, "is_shipping_country": true}}, {"model": "address.country", "pk": "SJ", "fields": {"iso_3166_1_a3": "SJM", "iso_3166_1_numeric": "744", "printable_name": "Svalbard and Jan Mayen", "name": "", "display_order": 0, "is_shipping_country": true}}, {"model": "address.country", "pk": "SK", "fields": {"iso_3166_1_a3": "SVK", "iso_3166_1_numeric": "703", "printable_name": "Slovakia", "name": "Slovak Republic", "display_order": 0, "is_shipping_country": true}}, {"model": "address.country", "pk": "SL", "fields": {"iso_3166_1_a3": "SLE", "iso_3166_1_numeric": "694", "printable_name": "Sierra Leone", "name": "Republic of Sierra Leone", "display_order": 0, "is_shipping_country": true}}, {"model": "address.country", "pk": "SM", "fields": {"iso_3166_1_a3": "SMR", "iso_3166_1_numeric": "674", "printable_name": "San Marino", "name": "Republic of San Marino", "display_order": 0, "is_shipping_country": true}}, {"model": "address.country", "pk": "SN", "fields": {"iso_3166_1_a3": "SEN", "iso_3166_1_numeric": "686", "printable_name": "Senegal", "name": "Republic of Senegal", "display_order": 0, "is_shipping_country": true}}, {"model": "address.country", "pk": "SO", "fields": {"iso_3166_1_a3": "SOM", "iso_3166_1_numeric": "706", "printable_name": "Somalia", "name": "Federal Republic of Somalia", "display_order": 0, "is_shipping_country": true}}, {"model": "address.country", "pk": "SR", "fields": {"iso_3166_1_a3": "SUR", "iso_3166_1_numeric": "740", "printable_name": "Suriname", "name": "Republic of Suriname", "display_order": 0, "is_shipping_country": true}}, {"model": "address.country", "pk": "SS", "fields": {"iso_3166_1_a3": "SSD", "iso_3166_1_numeric": "728", "printable_name": "South Sudan", "name": "Republic of South Sudan", "display_order": 0, "is_shipping_country": true}}, {"model": "address.country", "pk": "ST", "fields": {"iso_3166_1_a3": "STP", "iso_3166_1_numeric": "678", "printable_name": "Sao Tome and Principe", "name": "Democratic Republic of Sao Tome and Principe", "display_order": 0, "is_shipping_country": true}}, {"model": "address.country", "pk": "SV", "fields": {"iso_3166_1_a3": "SLV", "iso_3166_1_numeric": "222", "printable_name": "El Salvador", "name": "Republic of El Salvador", "display_order": 0, "is_shipping_country": true}}, {"model": "address.country", "pk": "SX", "fields": {"iso_3166_1_a3": "SXM", "iso_3166_1_numeric": "534", "printable_name": "Sint Maarten (Dutch part)", "name": "Sint Maarten (Dutch part)", "display_order": 0, "is_shipping_country": true}}, {"model": "address.country", "pk": "SY", "fields": {"iso_3166_1_a3": "SYR", "iso_3166_1_numeric": "760", "printable_name": "Syrian Arab Republic", "name": "", "display_order": 0, "is_shipping_country": true}}, {"model": "address.country", "pk": "SZ", "fields": {"iso_3166_1_a3": "SWZ", "iso_3166_1_numeric": "748", "printable_name": "Eswatini", "name": "Kingdom of Eswatini", "display_order": 0, "is_shipping_country": true}}, {"model": "address.country", "pk": "TC", "fields": {"iso_3166_1_a3": "TCA", "iso_3166_1_numeric": "796", "printable_name": "Turks and Caicos Islands", "name": "", "display_order": 0, "is_shipping_country": true}}, {"model": "address.country", "pk": "TD", "fields": {"iso_3166_1_a3": "TCD", "iso_3166_1_numeric": "148", "printable_name": "Chad", "name": "Republic of Chad", "display_order": 0, "is_shipping_country": true}}, {"model": "address.country", "pk": "TF", "fields": {"iso_3166_1_a3": "ATF", "iso_3166_1_numeric": "260", "printable_name": "French Southern Territories", "name": "", "display_order": 0, "is_shipping_country": true}}, {"model": "address.country", "pk": "TG", "fields": {"iso_3166_1_a3": "TGO", "iso_3166_1_numeric": "768", "printable_name": "Togo", "name": "Togolese Republic", "display_order": 0, "is_shipping_country": true}}, {"model": "address.country", "pk": "TH", "fields": {"iso_3166_1_a3": "THA", "iso_3166_1_numeric": "764", "printable_name": "Thailand", "name": "Kingdom of Thailand", "display_order": 0, "is_shipping_country": true}}, {"model": "address.country", "pk": "TJ", "fields": {"iso_3166_1_a3": "TJK", "iso_3166_1_numeric": "762", "printable_name": "Tajikistan", "name": "Republic of Tajikistan", "display_order": 0, "is_shipping_country": true}}, {"model": "address.country", "pk": "TK", "fields": {"iso_3166_1_a3": "TKL", "iso_3166_1_numeric": "772", "printable_name": "Tokelau", "name": "", "display_order": 0, "is_shipping_country": true}}, {"model": "address.country", "pk": "TL", "fields": {"iso_3166_1_a3": "TLS", "iso_3166_1_numeric": "626", "printable_name": "Timor-Leste", "name": "Democratic Republic of Timor-Leste", "display_order": 0, "is_shipping_country": true}}, {"model": "address.country", "pk": "TM", "fields": {"iso_3166_1_a3": "TKM", "iso_3166_1_numeric": "795", "printable_name": "Turkmenistan", "name": "", "display_order": 0, "is_shipping_country": true}}, {"model": "address.country", "pk": "TN", "fields": {"iso_3166_1_a3": "TUN", "iso_3166_1_numeric": "788", "printable_name": "Tunisia", "name": "Republic of Tunisia", "display_order": 0, "is_shipping_country": true}}, {"model": "address.country", "pk": "TO", "fields": {"iso_3166_1_a3": "TON", "iso_3166_1_numeric": "776", "printable_name": "Tonga", "name": "Kingdom of Tonga", "display_order": 0, "is_shipping_country": true}}, {"model": "address.country", "pk": "TR", "fields": {"iso_3166_1_a3": "TUR", "iso_3166_1_numeric": "792", "printable_name": "Turkey", "name": "Republic of Turkey", "display_order": 0, "is_shipping_country": true}}, {"model": "address.country", "pk": "TT", "fields": {"iso_3166_1_a3": "TTO", "iso_3166_1_numeric": "780", "printable_name": "Trinidad and Tobago", "name": "Republic of Trinidad and Tobago", "display_order": 0, "is_shipping_country": true}}, {"model": "address.country", "pk": "TV", "fields": {"iso_3166_1_a3": "TUV", "iso_3166_1_numeric": "798", "printable_name": "Tuvalu", "name": "", "display_order": 0, "is_shipping_country": true}}, {"model": "address.country", "pk": "TW", "fields": {"iso_3166_1_a3": "TWN", "iso_3166_1_numeric": "158", "printable_name": "Taiwan, Province of China", "name": "Taiwan, Province of China", "display_order": 0, "is_shipping_country": true}}, {"model": "address.country", "pk": "TZ", "fields": {"iso_3166_1_a3": "TZA", "iso_3166_1_numeric": "834", "printable_name": "Tanzania, United Republic of", "name": "United Republic of Tanzania", "display_order": 0, "is_shipping_country": true}}, {"model": "address.country", "pk": "UA", "fields": {"iso_3166_1_a3": "UKR", "iso_3166_1_numeric": "804", "printable_name": "Ukraine", "name": "", "display_order": 0, "is_shipping_country": true}}, {"model": "address.country", "pk": "UG", "fields": {"iso_3166_1_a3": "UGA", "iso_3166_1_numeric": "800", "printable_name": "Uganda", "name": "Republic of Uganda", "display_order": 0, "is_shipping_country": true}}, {"model": "address.country", "pk": "UM", "fields": {"iso_3166_1_a3": "UMI", "iso_3166_1_numeric": "581", "printable_name": "United States Minor Outlying Islands", "name": "", "display_order": 0, "is_shipping_country": true}}, {"model": "address.country", "pk": "US", "fields": {"iso_3166_1_a3": "USA", "iso_3166_1_numeric": "840", "printable_name": "United States", "name": "United States of America", "display_order": 0, "is_shipping_country": true}}, {"model": "address.country", "pk": "UY", "fields": {"iso_3166_1_a3": "URY", "iso_3166_1_numeric": "858", "printable_name": "Uruguay", "name": "Eastern Republic of Uruguay", "display_order": 0, "is_shipping_country": true}}, {"model": "address.country", "pk": "UZ", "fields": {"iso_3166_1_a3": "UZB", "iso_3166_1_numeric": "860", "printable_name": "Uzbekistan", "name": "Republic of Uzbekistan", "display_order": 0, "is_shipping_country": true}}, {"model": "address.country", "pk": "VA", "fields": {"iso_3166_1_a3": "VAT", "iso_3166_1_numeric": "336", "printable_name": "Holy See (Vatican City State)", "name": "", "display_order": 0, "is_shipping_country": true}}, {"model": "address.country", "pk": "VC", "fields": {"iso_3166_1_a3": "VCT", "iso_3166_1_numeric": "670", "printable_name": "Saint Vincent and the Grenadines", "name": "", "display_order": 0, "is_shipping_country": true}}, {"model": "address.country", "pk": "VE", "fields": {"iso_3166_1_a3": "VEN", "iso_3166_1_numeric": "862", "printable_name": "Venezuela, Bolivarian Republic of", "name": "Bolivarian Republic of Venezuela", "display_order": 0, "is_shipping_country": true}}, {"model": "address.country", "pk": "VG", "fields": {"iso_3166_1_a3": "VGB", "iso_3166_1_numeric": "092", "printable_name": "Virgin Islands, British", "name": "British Virgin Islands", "display_order": 0, "is_shipping_country": true}}, {"model": "address.country", "pk": "VI", "fields": {"iso_3166_1_a3": "VIR", "iso_3166_1_numeric": "850", "printable_name": "Virgin Islands, U.S.", "name": "Virgin Islands of the United States", "display_order": 0, "is_shipping_country": true}}, {"model": "address.country", "pk": "VN", "fields": {"iso_3166_1_a3": "VNM", "iso_3166_1_numeric": "704", "printable_name": "Viet Nam", "name": "Socialist Republic of Viet Nam", "display_order": 0, "is_shipping_country": true}}, {"model": "address.country", "pk": "VU", "fields": {"iso_3166_1_a3": "VUT", "iso_3166_1_numeric": "548", "printable_name": "Vanuatu", "name": "Republic of Vanuatu", "display_order": 0, "is_shipping_country": true}}, {"model": "address.country", "pk": "WF", "fields": {"iso_3166_1_a3": "WLF", "iso_3166_1_numeric": "876", "printable_name": "Wallis and Futuna", "name": "", "display_order": 0, "is_shipping_country": true}}, {"model": "address.country", "pk": "WS", "fields": {"iso_3166_1_a3": "WSM", "iso_3166_1_numeric": "882", "printable_name": "Samoa", "name": "Independent State of Samoa", "display_order": 0, "is_shipping_country": true}}, {"model": "address.country", "pk": "YE", "fields": {"iso_3166_1_a3": "YEM", "iso_3166_1_numeric": "887", "printable_name": "Yemen", "name": "Republic of Yemen", "display_order": 0, "is_shipping_country": true}}, {"model": "address.country", "pk": "YT", "fields": {"iso_3166_1_a3": "MYT", "iso_3166_1_numeric": "175", "printable_name": "Mayotte", "name": "", "display_order": 0, "is_shipping_country": true}}, {"model": "address.country", "pk": "ZA", "fields": {"iso_3166_1_a3": "ZAF", "iso_3166_1_numeric": "710", "printable_name": "South Africa", "name": "Republic of South Africa", "display_order": 0, "is_shipping_country": true}}, {"model": "address.country", "pk": "ZM", "fields": {"iso_3166_1_a3": "ZMB", "iso_3166_1_numeric": "894", "printable_name": "Zambia", "name": "Republic of Zambia", "display_order": 0, "is_shipping_country": true}}, {"model": "address.country", "pk": "ZW", "fields": {"iso_3166_1_a3": "ZWE", "iso_3166_1_numeric": "716", "printable_name": "Zimbabwe", "name": "Republic of Zimbabwe", "display_order": 0, "is_shipping_country": true}}, {"model": "catalogue.productclass", "pk": 1, "fields": {"name": "Laptop", "slug": "laptop", "requires_shipping": true, "track_stock": true, "options": []}}, {"model": "catalogue.productclass", "pk": 2, "fields": {"name": "Mobile Phone", "slug": "mobile-phone", "requires_shipping": true, "track_stock": true, "options": []}}, {"model": "catalogue.productclass", "pk": 3, "fields": {"name": "Tablet", "slug": "tablet", "requires_shipping": true, "track_stock": true, "options": []}}, {"model": "catalogue.productclass", "pk": 4, "fields": {"name": "Novel", "slug": "novel", "requires_shipping": true, "track_stock": true, "options": []}}, {"model": "catalogue.category", "pk": 1, "fields": {"path": "0001", "depth": 1, "numchild": 0, "name": "Electronics", "description": "<p>Electronics Category include mobilephones,Tablets,Laptops etc.</p>", "meta_title": null, "meta_description": "", "image": "", "slug": "electronics", "is_public": true, "ancestors_are_public": true}}, {"model": "catalogue.category", "pk": 2, "fields": {"path": "0002", "depth": 1, "numchild": 0, "name": "Books", "description": "", "meta_title": null, "meta_description": "", "image": "", "slug": "books", "is_public": true, "ancestors_are_public": true}}, {"model": "catalogue.productcategory", "pk": 2, "fields": {"product": 2, "category": 1}}, {"model": "catalogue.productcategory", "pk": 3, "fields": {"product": 3, "category": 1}}, {"model": "catalogue.productcategory", "pk": 4, "fields": {"product": 4, "category": 1}}, {"model": "catalogue.productcategory", "pk": 5, "fields": {"product": 5, "category": 2}}, {"model": "catalogue.product", "pk": 2, "fields": {"structure": "standalone", "is_public": true, "upc": "", "parent": null, "title": "Mi Notebook Pro QHD+ IPS Anti-Glare Display", "slug": "mi-notebook-pro-qhd-ips-anti-glare-display", "description": "<ul class=\"a-unordered-list a-vertical a-spacing-mini\" style=\"box-sizing: border-box; margin: 0px 0px 0px 18px; color: #0f1111; padding: 0px; font-family: 'Amazon Ember', Arial, sans-serif; font-size: 14px; background-color: #ffffff;\">\r\n<li style=\"box-sizing: border-box; list-style: disc; overflow-wrap: break-word; margin: 0px;\"><span class=\"a-list-item\" style=\"box-sizing: border-box;\">Processor: 11th Gen Intel Tiger Lake Core i5-11300H processor| Speed: 3.1 GHz(base) - 4.4 GHz(max) | 4 cores | 8 Threads | 8 MB Cache</span></li>\r\n<li style=\"box-sizing: border-box; list-style: disc; overflow-wrap: break-word; margin: 0px;\"><span class=\"a-list-item\" style=\"box-sizing: border-box;\">Display - 35.56 centimetres IPS QHD+ resolution (2560x1600) |16:10 aspect ratio, 100% sRGB,215 PPI, 1000:1 contrast ratio | Anti Glare | TUV low Blue light</span></li>\r\n</ul>", "meta_title": null, "meta_description": "", "product_class": 1, "rating": null, "date_created": "2022-11-16T06:16:38.840Z", "date_updated": "2022-11-24T11:36:44.550Z", "is_discountable": true, "product_options": []}}, {"model": "catalogue.product", "pk": 3, "fields": {"structure": "standalone", "is_public": true, "upc": "", "parent": null, "title": "Samsung Galaxy S20 FE 5G", "slug": "samsung-galaxy-s20-fe-5g", "description": "<ul class=\"a-unordered-list a-vertical a-spacing-mini\" style=\"box-sizing: border-box; margin: 0px 0px 0px 18px; color: #0f1111; padding: 0px; font-family: 'Amazon Ember', Arial, sans-serif; font-size: 14px; background-color: #ffffff;\">\r\n<li style=\"box-sizing: border-box; list-style: disc; overflow-wrap: break-word; margin: 0px;\"><span class=\"a-list-item\" style=\"box-sizing: border-box;\">Processor: 11th Gen Intel Tiger Lake Core i5-11300H processor| Speed: 3.1 GHz(base) - 4.4 GHz(max) | 4 cores | 8 Threads | 8 MB Cache</span></li>\r\n<li style=\"box-sizing: border-box; list-style: disc; overflow-wrap: break-word; margin: 0px;\"><span class=\"a-list-item\" style=\"box-sizing: border-box;\">Display - 35.56 centimetres IPS QHD+ resolution (2560x1600) |16:10 aspect ratio, 100% sRGB,215 PPI, 1000:1 contrast ratio | Anti Glare | TUV low Blue light</span></li>\r\n<li style=\"box-sizing: border-box; list-style: disc; overflow-wrap: break-word; margin: 0px;\"><span class=\"a-list-item\" style=\"box-sizing: border-box;\">Memory &amp; Storage: 8GB DDR4 3200 MHz | 512GB PCIe NVMe M.2 SSD</span></li>\r\n</ul>", "meta_title": null, "meta_description": "", "product_class": 2, "rating": null, "date_created": "2022-11-16T06:19:34.546Z", "date_updated": "2022-11-24T11:38:10.898Z", "is_discountable": true, "product_options": []}}, {"model": "catalogue.product", "pk": 4, "fields": {"structure": "standalone", "is_public": true, "upc": "", "parent": null, "title": "2021 Apple 10.2-inch (25.91 cm)", "slug": "2021-apple-102-inch-2591-cm", "description": "<ul class=\"a-unordered-list a-vertical a-spacing-mini\" style=\"box-sizing: border-box; margin: 0px 0px 0px 18px; color: #0f1111; padding: 0px; font-family: 'Amazon Ember', Arial, sans-serif; font-size: 14px; background-color: #ffffff;\">\r\n<li style=\"box-sizing: border-box; list-style: disc; overflow-wrap: break-word; margin: 0px;\"><span class=\"a-list-item\" style=\"box-sizing: border-box;\">Gorgeous 25.91 cm (10.2-inch) Retina display with True Tone</span></li>\r\n<li style=\"box-sizing: border-box; list-style: disc; overflow-wrap: break-word; margin: 0px;\"><span class=\"a-list-item\" style=\"box-sizing: border-box;\">A13 Bionic chip with Neural Engine</span></li>\r\n<li style=\"box-sizing: border-box; list-style: disc; overflow-wrap: break-word; margin: 0px;\"><span class=\"a-list-item\" style=\"box-sizing: border-box;\">8MP Wide back camera, 12MP Ultra Wide front camera with Centre Stage</span></li>\r\n<li style=\"box-sizing: border-box; list-style: disc; overflow-wrap: break-word; margin: 0px;\"><span class=\"a-list-item\" style=\"box-sizing: border-box;\">Up to 256GB storage</span></li>\r\n<li style=\"box-sizing: border-box; list-style: disc; overflow-wrap: break-word; margin: 0px;\"><span class=\"a-list-item\" style=\"box-sizing: border-box;\">Stereo speakers</span></li>\r\n</ul>", "meta_title": null, "meta_description": "", "product_class": 3, "rating": null, "date_created": "2022-11-16T06:22:50.087Z", "date_updated": "2022-11-24T11:38:21.551Z", "is_discountable": true, "product_options": []}}, {"model": "catalogue.product", "pk": 5, "fields": {"structure": "standalone", "is_public": true, "upc": "", "parent": null, "title": "In Five Years: A Novel", "slug": "in-five-years-a-novel", "description": "<p><span class=\"a-text-bold\" style=\"box-sizing: border-box; color: #0f1111; font-family: 'Amazon Ember', Arial, sans-serif; font-size: 14px; background-color: #ffffff; font-weight: 700 !important;\"></span><span class=\"a-text-bold a-text-italic\" style=\"box-sizing: border-box; color: #0f1111; font-family: 'Amazon Ember', Arial, sans-serif; font-size: 14px; background-color: #ffffff; font-weight: 700 !important; font-style: italic !important;\">In Five Years</span><span class=\"a-text-bold\" style=\"box-sizing: border-box; color: #0f1111; font-family: 'Amazon Ember', Arial, sans-serif; font-size: 14px; background-color: #ffffff; font-weight: 700 !important;\">is as clever as it is moving, the rare read-in-one-sitting novel you wont forget. Chloe Benjamin,</span><span class=\"a-text-bold a-text-italic\" style=\"box-sizing: border-box; color: #0f1111; font-family: 'Amazon Ember', Arial, sans-serif; font-size: 14px; background-color: #ffffff; font-weight: 700 !important; font-style: italic !important;\">New York Times</span><span class=\"a-text-bold\" style=\"box-sizing: border-box; color: #0f1111; font-family: 'Amazon Ember', Arial, sans-serif; font-size: 14px; background-color: #ffffff; font-weight: 700 !important;\">bestselling author of</span><span class=\"a-text-bold a-text-italic\" style=\"box-sizing: border-box; color: #0f1111; font-family: 'Amazon Ember', Arial, sans-serif; font-size: 14px; background-color: #ffffff; font-weight: 700 !important; font-style: italic !important;\">The Immortalists</span><span style=\"box-sizing: border-box; color: #0f1111; font-family: 'Amazon Ember', Arial, sans-serif; font-size: 14px; background-color: #ffffff;\"><br style=\"box-sizing: border-box;\" /><br style=\"box-sizing: border-box;\" /></span><span class=\"a-text-bold a-text-italic\" style=\"box-sizing: border-box; color: #0f1111; font-family: 'Amazon Ember', Arial, sans-serif; font-size: 14px; background-color: #ffffff; font-weight: 700 !important; font-style: italic !important;\"></span><span class=\"a-text-bold\" style=\"box-sizing: border-box; color: #0f1111; font-family: 'Amazon Ember', Arial, sans-serif; font-size: 14px; background-color: #ffffff; font-weight: 700 !important;\">Perfect for fans of</span><span class=\"a-text-bold a-text-italic\" style=\"box-sizing: border-box; color: #0f1111; font-family: 'Amazon Ember', Arial, sans-serif; font-size: 14px; background-color: #ffffff; font-weight: 700 !important; font-style: italic !important;\">Me Before You</span><span class=\"a-text-bold\" style=\"box-sizing: border-box; color: #0f1111; font-family: 'Amazon Ember', Arial, sans-serif; font-size: 14px; background-color: #ffffff; font-weight: 700 !important;\">and</span><span class=\"a-text-bold a-text-italic\" style=\"box-sizing: border-box; color: #0f1111; font-family: 'Amazon Ember', Arial, sans-serif; font-size: 14px; background-color: #ffffff; font-weight: 700 !important; font-style: italic !important;\">One Day</span><span class=\"a-text-bold\" style=\"box-sizing: border-box; color: #0f1111; font-family: 'Amazon Ember', Arial, sans-serif; font-size: 14px; background-color: #ffffff; font-weight: 700 !important;\">a striking, powerful, and moving love story following an ambitious lawyer who experiences an astonishing vision that could change her life forever.</span></p>", "meta_title": null, "meta_description": "", "product_class": 4, "rating": 4.0, "date_created": "2022-11-16T06:29:58.013Z", "date_updated": "2022-11-24T11:38:29.929Z", "is_discountable": true, "product_options": []}}, {"model": "catalogue.productattribute", "pk": 1, "fields": {"product_class": 1, "name": "Brand", "code": "brand", "type": "text", "option_group": null, "required": true}}, {"model": "catalogue.productattribute", "pk": 2, "fields": {"product_class": 1, "name": "Color", "code": "color", "type": "text", "option_group": null, "required": false}}, {"model": "catalogue.productattribute", "pk": 3, "fields": {"product_class": 1, "name": "OS", "code": "os", "type": "text", "option_group": null, "required": false}}, {"model": "catalogue.productattribute", "pk": 4, "fields": {"product_class": 1, "name": "Price", "code": "price", "type": "float", "option_group": null, "required": true}}, {"model": "catalogue.productattribute", "pk": 5, "fields": {"product_class": 2, "name": "Price", "code": "price", "type": "float", "option_group": null, "required": true}}, {"model": "catalogue.productattribute", "pk": 6, "fields": {"product_class": 2, "name": "Brand", "code": "brand", "type": "text", "option_group": null, "required": false}}, {"model": "catalogue.productattribute", "pk": 7, "fields": {"product_class": 2, "name": "RAM", "code": "ram", "type": "text", "option_group": null, "required": false}}, {"model": "catalogue.productattribute", "pk": 8, "fields": {"product_class": 3, "name": "Price", "code": "price", "type": "text", "option_group": null, "required": true}}, {"model": "catalogue.productattribute", "pk": 9, "fields": {"product_class": 3, "name": "Brand", "code": "brand", "type": "text", "option_group": null, "required": true}}, {"model": "catalogue.productattribute", "pk": 10, "fields": {"product_class": 3, "name": "Screen Size", "code": "screen_size", "type": "text", "option_group": null, "required": false}}, {"model": "catalogue.productattribute", "pk": 11, "fields": {"product_class": 4, "name": "Price", "code": "price", "type": "text", "option_group": null, "required": true}}, {"model": "catalogue.productattribute", "pk": 12, "fields": {"product_class": 4, "name": "Author", "code": "author", "type": "text", "option_group": null, "required": true}}, {"model": "catalogue.productattribute", "pk": 13, "fields": {"product_class": 4, "name": "Language", "code": "language", "type": "text", "option_group": null, "required": true}}, {"model": "catalogue.productattributevalue", "pk": 4, "fields": {"attribute": 1, "product": 2, "value_text": "Xiaomi", "value_integer": null, "value_boolean": null, "value_float": null, "value_richtext": null, "value_date": null, "value_datetime": null, "value_option": null, "value_file": "", "value_image": "", "entity_content_type": null, "entity_object_id": null, "value_multi_option": []}}, {"model": "catalogue.productattributevalue", "pk": 5, "fields": {"attribute": 2, "product": 2, "value_text": "Metal Grey", "value_integer": null, "value_boolean": null, "value_float": null, "value_richtext": null, "value_date": null, "value_datetime": null, "value_option": null, "value_file": "", "value_image": "", "entity_content_type": null, "entity_object_id": null, "value_multi_option": []}}, {"model": "catalogue.productattributevalue", "pk": 6, "fields": {"attribute": 3, "product": 2, "value_text": "WIndows 11", "value_integer": null, "value_boolean": null, "value_float": null, "value_richtext": null, "value_date": null, "value_datetime": null, "value_option": null, "value_file": "", "value_image": "", "entity_content_type": null, "entity_object_id": null, "value_multi_option": []}}, {"model": "catalogue.productattributevalue", "pk": 7, "fields": {"attribute": 4, "product": 2, "value_text": null, "value_integer": null, "value_boolean": null, "value_float": 54999.0, "value_richtext": null, "value_date": null, "value_datetime": null, "value_option": null, "value_file": "", "value_image": "", "entity_content_type": null, "entity_object_id": null, "value_multi_option": []}}, {"model": "catalogue.productattributevalue", "pk": 8, "fields": {"attribute": 6, "product": 3, "value_text": "Samsung", "value_integer": null, "value_boolean": null, "value_float": null, "value_richtext": null, "value_date": null, "value_datetime": null, "value_option": null, "value_file": "", "value_image": "", "entity_content_type": null, "entity_object_id": null, "value_multi_option": []}}, {"model": "catalogue.productattributevalue", "pk": 9, "fields": {"attribute": 5, "product": 3, "value_text": null, "value_integer": null, "value_boolean": null, "value_float": 34990.0, "value_richtext": null, "value_date": null, "value_datetime": null, "value_option": null, "value_file": "", "value_image": "", "entity_content_type": null, "entity_object_id": null, "value_multi_option": []}}, {"model": "catalogue.productattributevalue", "pk": 10, "fields": {"attribute": 7, "product": 3, "value_text": "8GB", "value_integer": null, "value_boolean": null, "value_float": null, "value_richtext": null, "value_date": null, "value_datetime": null, "value_option": null, "value_file": "", "value_image": "", "entity_content_type": null, "entity_object_id": null, "value_multi_option": []}}, {"model": "catalogue.productattributevalue", "pk": 11, "fields": {"attribute": 9, "product": 4, "value_text": "Apple", "value_integer": null, "value_boolean": null, "value_float": null, "value_richtext": null, "value_date": null, "value_datetime": null, "value_option": null, "value_file": "", "value_image": "", "entity_content_type": null, "entity_object_id": null, "value_multi_option": []}}, {"model": "catalogue.productattributevalue", "pk": 12, "fields": {"attribute": 8, "product": 4, "value_text": "29000", "value_integer": null, "value_boolean": null, "value_float": null, "value_richtext": null, "value_date": null, "value_datetime": null, "value_option": null, "value_file": "", "value_image": "", "entity_content_type": null, "entity_object_id": null, "value_multi_option": []}}, {"model": "catalogue.productattributevalue", "pk": 13, "fields": {"attribute": 10, "product": 4, "value_text": "10.2", "value_integer": null, "value_boolean": null, "value_float": null, "value_richtext": null, "value_date": null, "value_datetime": null, "value_option": null, "value_file": "", "value_image": "", "entity_content_type": null, "entity_object_id": null, "value_multi_option": []}}, {"model": "catalogue.productattributevalue", "pk": 14, "fields": {"attribute": 12, "product": 5, "value_text": "Rebecca Serle", "value_integer": null, "value_boolean": null, "value_float": null, "value_richtext": null, "value_date": null, "value_datetime": null, "value_option": null, "value_file": "", "value_image": "", "entity_content_type": null, "entity_object_id": null, "value_multi_option": []}}, {"model": "catalogue.productattributevalue", "pk": 15, "fields": {"attribute": 13, "product": 5, "value_text": "English", "value_integer": null, "value_boolean": null, "value_float": null, "value_richtext": null, "value_date": null, "value_datetime": null, "value_option": null, "value_file": "", "value_image": "", "entity_content_type": null, "entity_object_id": null, "value_multi_option": []}}, {"model": "catalogue.productattributevalue", "pk": 16, "fields": {"attribute": 11, "product": 5, "value_text": "300", "value_integer": null, "value_boolean": null, "value_float": null, "value_richtext": null, "value_date": null, "value_datetime": null, "value_option": null, "value_file": "", "value_image": "", "entity_content_type": null, "entity_object_id": null, "value_multi_option": []}}, {"model": "catalogue.productimage", "pk": 19, "fields": {"product": 2, "original": "images/products/2022/11/mi171iiXU7HHkL._SX679_.jpg", "caption": "", "display_order": 0, "date_created": "2022-11-24T11:36:44.568Z"}}, {"model": "catalogue.productimage", "pk": 20, "fields": {"product": 3, "original": "images/products/2022/11/samsung181vDZyJQ-4L._SY741_.jpg", "caption": "", "display_order": 0, "date_created": "2022-11-24T11:38:10.915Z"}}, {"model": "catalogue.productimage", "pk": 21, "fields": {"product": 4, "original": "images/products/2022/11/tab161PnHlc0HCL._SX679_.jpg", "caption": "", "display_order": 0, "date_created": "2022-11-24T11:38:21.568Z"}}, {"model": "catalogue.productimage", "pk": 22, "fields": {"product": 5, "original": "images/products/2022/11/book1mJEbIKqKL._SX324_BO1204203200_.jpg", "caption": "", "display_order": 0, "date_created": "2022-11-24T11:38:29.947Z"}}, {"model": "reviews.productreview", "pk": 1, "fields": {"product": 5, "score": 4, "title": "good book", "body": "nice book to read", "user": 2, "name": "", "email": "", "homepage": "", "status": 1, "total_votes": 0, "delta_votes": 0, "date_created": "2022-11-16T06:44:26.280Z"}}, {"model": "communication.email", "pk": 1, "fields": {"user": 5, "email": "sreesanka@gmail.com", "subject": "Thank you for registering.", "body_text": "Thank you for registering.", "body_html": "<p>Thank you for registering.</p>", "date_sent": "2022-11-20T18:58:05.960Z"}}, {"model": "communication.email", "pk": 2, "fields": {"user": 1, "email": "sreesankar36@gmail.com", "subject": "Resetting your password at example.com.", "body_text": "\nYou're receiving this e-mail because you requested a password reset for your user account at example.com.\n\nPlease go to the following page and choose a new password:\nhttp://example.com/password-reset/confirm/MQ/bfab78-734a7ee43d09ea6118e8bff0a6af6f78/\n\nThanks for using our site!\nThe example.com team\n", "body_html": "\n<!DOCTYPE html PUBLIC \"-//W3C//DTD XHTML 1.0 Transitional//EN\" \"http://www.w3.org/TR/xhtml1/DTD/xhtml1-transitional.dtd\">\n<html xmlns=\"http://www.w3.org/1999/xhtml\">\n    <head>\n        <meta name=\"viewport\" content=\"width=device-width\" />\n        <meta http-equiv=\"Content-Type\" content=\"text/html; charset=UTF-8\" />\n        <style>\n            * {\n              margin: 0;\n              font-family: \"Helvetica Neue\", Helvetica, Arial, sans-serif;\n              box-sizing: border-box;\n              font-size: 14px;\n            }\n\n            img {\n              max-width: 100%;\n            }\n\n            body {\n              -webkit-font-smoothing: antialiased;\n              -webkit-text-size-adjust: none;\n              width: 100% !important;\n              height: 100%;\n              line-height: 1.6em;\n            }\n\n            table td {\n              vertical-align: top;\n            }\n\n            body {\n              background-color: #f6f6f6;\n            }\n\n            .body-wrap {\n              background-color: #f6f6f6;\n              width: 100%;\n            }\n\n            .container {\n              display: block !important;\n              max-width: 600px !important;\n              margin: 0 auto !important;\n              clear: both !important;\n            }\n\n            .content {\n              max-width: 600px;\n              margin: 0 auto;\n              display: block;\n              padding: 20px;\n            }\n\n            .main {\n              background-color: #fff;\n              border: 1px solid #e9e9e9;\n              border-radius: 3px;\n            }\n\n            .content-wrap {\n              padding: 20px;\n            }\n\n            .content-block {\n              padding: 0 0 20px;\n            }\n\n            .header {\n              width: 100%;\n              margin-bottom: 20px;\n            }\n\n            .footer {\n              width: 100%;\n              clear: both;\n              color: #999;\n              padding: 20px;\n            }\n            .footer p, .footer a, .footer td {\n              color: #999;\n              font-size: 12px;\n            }\n\n            h1, h2, h3 {\n              font-family: \"Helvetica Neue\", Helvetica, Arial, \"Lucida Grande\", sans-serif;\n              color: #000;\n              margin: 40px 0 0;\n              line-height: 1.2em;\n              font-weight: 400;\n            }\n\n            h1 {\n              font-size: 32px;\n              font-weight: 500;\n            }\n\n            h2 {\n              font-size: 24px;\n            }\n\n            h3 {\n              font-size: 18px;\n            }\n\n            h4 {\n              font-size: 14px;\n              font-weight: 600;\n            }\n\n            p, ul, ol {\n              margin-bottom: 10px;\n              font-weight: normal;\n            }\n            p li, ul li, ol li {\n              margin-left: 5px;\n              list-style-position: inside;\n            }\n\n            a {\n              color: #348eda;\n              text-decoration: underline;\n            }\n\n            .btn-primary {\n              text-decoration: none;\n              color: #FFF;\n              background-color: #348eda;\n              border: solid #348eda;\n              border-width: 10px 20px;\n              line-height: 2em;\n              font-weight: bold;\n              text-align: center;\n              cursor: pointer;\n              display: inline-block;\n              border-radius: 5px;\n              text-transform: capitalize;\n            }\n\n            .last {\n              margin-bottom: 0;\n            }\n\n            .first {\n              margin-top: 0;\n            }\n\n            .aligncenter {\n              text-align: center;\n            }\n\n            .alignright {\n              text-align: right;\n            }\n\n            .alignleft {\n              text-align: left;\n            }\n\n            .clear {\n              clear: both;\n            }\n\n            .alert {\n              font-size: 16px;\n              color: #fff;\n              font-weight: 500;\n              padding: 20px;\n              text-align: center;\n              border-radius: 3px 3px 0 0;\n            }\n            .alert a {\n              color: #fff;\n              text-decoration: none;\n              font-weight: 500;\n              font-size: 16px;\n            }\n            .alert.alert-warning {\n              background-color: #FF9F00;\n            }\n            .alert.alert-bad {\n              background-color: #D0021B;\n            }\n            .alert.alert-good {\n              background-color: #68B90F;\n            }\n\n            .invoice {\n              margin: 40px auto;\n              text-align: left;\n              width: 80%;\n            }\n            .order {\n              text-align: left;\n              width: 100%;\n            }\n            .invoice td, .order td {\n              padding: 5px 0;\n            }\n            .invoice .invoice-items, .order .order-items {\n              width: 100%;\n            }\n            .invoice .invoice-items td, .order .order-items td {\n              border-top: #eee 1px solid;\n            }\n            .invoice .invoice-items .total td, .order .order-items .total td {\n              border-top: 2px solid #333;\n              border-bottom: 2px solid #333;\n              font-weight: 700;\n            }\n\n            @media only screen and (max-width: 640px) {\n              body {\n                padding: 0 !important;\n              }\n\n              h1, h2, h3, h4 {\n                font-weight: 800 !important;\n                margin: 20px 0 5px !important;\n              }\n\n              h1 {\n                font-size: 22px !important;\n              }\n\n              h2 {\n                font-size: 18px !important;\n              }\n\n              h3 {\n                font-size: 16px !important;\n              }\n\n              .container {\n                padding: 0 !important;\n                width: 100% !important;\n              }\n\n              .content {\n                padding: 0 !important;\n              }\n\n              .content-wrap {\n                padding: 10px !important;\n              }\n\n              .invoice {\n                width: 100% !important;\n              }\n\n              .order {\n                width: 100% !important;\n              }\n            }\n\n        </style>\n    </head>\n\n    <body itemscope itemtype=\"http://schema.org/EmailMessage\">\n\n    <table class=\"body-wrap\">\n        <tr>\n            <td></td>\n            <td class=\"container\" width=\"600\">\n                <div class=\"content\">\n                    <table class=\"main\" width=\"100%\" cellpadding=\"0\" cellspacing=\"0\" itemprop=\"action\" itemscope itemtype=\"http://schema.org/ConfirmAction\">\n                        <tr>\n                            <td class=\"content-wrap\">\n                                <table width=\"100%\" cellpadding=\"0\" cellspacing=\"0\">\n                                    \n                                    \n<tr>\n    <td class=\"content-block\">\n        You're receiving this e-mail because you requested a password reset for your user account at example.com.\n    </td>\n</tr>\n\n<tr>\n    <td class=\"content-block\">\n        Please go to the following page and choose a new password:\n    </td>\n</tr>\n\n<tr>\n    <td class=\"content-block\">\n        <a href=\"http://example.com/password-reset/confirm/MQ/bfab78-734a7ee43d09ea6118e8bff0a6af6f78/\" class=\"btn-primary\">Reset password</a>\n    </td>\n</tr>\n\n\n                                    \n                                        <tr>\n                                            <td class=\"content-block\">\n                                                <p>Thanks for using our site!</p>\n                                                <p>The example.com team</p>\n                                            </td>\n                                        </tr>\n                                    \n                                </table>\n                            </td>\n                        </tr>\n                    </table>\n                </div>\n            </td>\n            <td></td>\n        </tr>\n    </table>\n\n    </body>\n</html>", "date_sent": "2022-11-22T09:47:32.482Z"}}, {"model": "communication.email", "pk": 3, "fields": {"user": 6, "email": "sree@oscar.com", "subject": "Thank you for registering.", "body_text": "Thank you for registering.", "body_html": "<p>Thank you for registering.</p>", "date_sent": "2022-11-22T09:50:52.638Z"}}, {"model": "communication.email", "pk": 4, "fields": {"user": 7, "email": "sayone@gmail.com", "subject": "Confirmation of order 100009", "body_text": "Hello,\n\nWe are pleased to confirm your order 100009 has been received and\nwill be processed shortly.\n\nYour order contains:\n\n * In Five Years: A Novel - quantity: 3 - price: 900.00\n\nCart total: 900.00\nShipping: 0.00\nOrder Total: 900.00\n\nShipping address:\n\n  Mr Sree Sankar\n  Meloottu Veedu,Perayam, Mulavana (PO)\n  Meloottu Veedu,Perayam, Mulavana (PO)\n  Kollam\n  Kerala\n  691503\n  India\n\n\n\nYou can view the status of this order at the below URL:\nhttp://example.com/accounts/orders/100009/\n\n\nThe team\n", "body_html": "\n<!DOCTYPE html PUBLIC \"-//W3C//DTD XHTML 1.0 Transitional//EN\" \"http://www.w3.org/TR/xhtml1/DTD/xhtml1-transitional.dtd\">\n<html xmlns=\"http://www.w3.org/1999/xhtml\">\n    <head>\n        <meta name=\"viewport\" content=\"width=device-width\" />\n        <meta http-equiv=\"Content-Type\" content=\"text/html; charset=UTF-8\" />\n        <style>\n            * {\n              margin: 0;\n              font-family: \"Helvetica Neue\", Helvetica, Arial, sans-serif;\n              box-sizing: border-box;\n              font-size: 14px;\n            }\n\n            img {\n              max-width: 100%;\n            }\n\n            body {\n              -webkit-font-smoothing: antialiased;\n              -webkit-text-size-adjust: none;\n              width: 100% !important;\n              height: 100%;\n              line-height: 1.6em;\n            }\n\n            table td {\n              vertical-align: top;\n            }\n\n            body {\n              background-color: #f6f6f6;\n            }\n\n            .body-wrap {\n              background-color: #f6f6f6;\n              width: 100%;\n            }\n\n            .container {\n              display: block !important;\n              max-width: 600px !important;\n              margin: 0 auto !important;\n              clear: both !important;\n            }\n\n            .content {\n              max-width: 600px;\n              margin: 0 auto;\n              display: block;\n              padding: 20px;\n            }\n\n            .main {\n              background-color: #fff;\n              border: 1px solid #e9e9e9;\n              border-radius: 3px;\n            }\n\n            .content-wrap {\n              padding: 20px;\n            }\n\n            .content-block {\n              padding: 0 0 20px;\n            }\n\n            .header {\n              width: 100%;\n              margin-bottom: 20px;\n            }\n\n            .footer {\n              width: 100%;\n              clear: both;\n              color: #999;\n              padding: 20px;\n            }\n            .footer p, .footer a, .footer td {\n              color: #999;\n              font-size: 12px;\n            }\n\n            h1, h2, h3 {\n              font-family: \"Helvetica Neue\", Helvetica, Arial, \"Lucida Grande\", sans-serif;\n              color: #000;\n              margin: 40px 0 0;\n              line-height: 1.2em;\n              font-weight: 400;\n            }\n\n            h1 {\n              font-size: 32px;\n              font-weight: 500;\n            }\n\n            h2 {\n              font-size: 24px;\n            }\n\n            h3 {\n              font-size: 18px;\n            }\n\n            h4 {\n              font-size: 14px;\n              font-weight: 600;\n            }\n\n            p, ul, ol {\n              margin-bottom: 10px;\n              font-weight: normal;\n            }\n            p li, ul li, ol li {\n              margin-left: 5px;\n              list-style-position: inside;\n            }\n\n            a {\n              color: #348eda;\n              text-decoration: underline;\n            }\n\n            .btn-primary {\n              text-decoration: none;\n              color: #FFF;\n              background-color: #348eda;\n              border: solid #348eda;\n              border-width: 10px 20px;\n              line-height: 2em;\n              font-weight: bold;\n              text-align: center;\n              cursor: pointer;\n              display: inline-block;\n              border-radius: 5px;\n              text-transform: capitalize;\n            }\n\n            .last {\n              margin-bottom: 0;\n            }\n\n            .first {\n              margin-top: 0;\n            }\n\n            .aligncenter {\n              text-align: center;\n            }\n\n            .alignright {\n              text-align: right;\n            }\n\n            .alignleft {\n              text-align: left;\n            }\n\n            .clear {\n              clear: both;\n            }\n\n            .alert {\n              font-size: 16px;\n              color: #fff;\n              font-weight: 500;\n              padding: 20px;\n              text-align: center;\n              border-radius: 3px 3px 0 0;\n            }\n            .alert a {\n              color: #fff;\n              text-decoration: none;\n              font-weight: 500;\n              font-size: 16px;\n            }\n            .alert.alert-warning {\n              background-color: #FF9F00;\n            }\n            .alert.alert-bad {\n              background-color: #D0021B;\n            }\n            .alert.alert-good {\n              background-color: #68B90F;\n            }\n\n            .invoice {\n              margin: 40px auto;\n              text-align: left;\n              width: 80%;\n            }\n            .order {\n              text-align: left;\n              width: 100%;\n            }\n            .invoice td, .order td {\n              padding: 5px 0;\n            }\n            .invoice .invoice-items, .order .order-items {\n              width: 100%;\n            }\n            .invoice .invoice-items td, .order .order-items td {\n              border-top: #eee 1px solid;\n            }\n            .invoice .invoice-items .total td, .order .order-items .total td {\n              border-top: 2px solid #333;\n              border-bottom: 2px solid #333;\n              font-weight: 700;\n            }\n\n            @media only screen and (max-width: 640px) {\n              body {\n                padding: 0 !important;\n              }\n\n              h1, h2, h3, h4 {\n                font-weight: 800 !important;\n                margin: 20px 0 5px !important;\n              }\n\n              h1 {\n                font-size: 22px !important;\n              }\n\n              h2 {\n                font-size: 18px !important;\n              }\n\n              h3 {\n                font-size: 16px !important;\n              }\n\n              .container {\n                padding: 0 !important;\n                width: 100% !important;\n              }\n\n              .content {\n                padding: 0 !important;\n              }\n\n              .content-wrap {\n                padding: 10px !important;\n              }\n\n              .invoice {\n                width: 100% !important;\n              }\n\n              .order {\n                width: 100% !important;\n              }\n            }\n\n        </style>\n    </head>\n\n    <body itemscope itemtype=\"http://schema.org/EmailMessage\">\n\n    <table class=\"body-wrap\">\n        <tr>\n            <td></td>\n            <td class=\"container\" width=\"600\">\n                <div class=\"content\">\n                    <table class=\"main\" width=\"100%\" cellpadding=\"0\" cellspacing=\"0\" itemprop=\"action\" itemscope itemtype=\"http://schema.org/ConfirmAction\">\n                        <tr>\n                            <td class=\"content-wrap\">\n                                <table width=\"100%\" cellpadding=\"0\" cellspacing=\"0\">\n                                    \n                                    \n<tr>\n    <td class=\"content-block\">\n        <p xmlns=\"http://www.w3.org/1999/html\">Hello,</p>\n        <p>We are pleased to confirm your order 100009 has been received and\n        will be processed shortly.</p>\n    </td>\n</tr>\n\n<tr>\n    <td class=\"content-block\">\n        <table class=\"order\">\n            <tbody><tr>\n                <td>Your order contains:</td>\n            </tr>\n            <tr>\n                <td>\n                    <table class=\"order-items\" cellpadding=\"0\" cellspacing=\"0\">\n                        <tbody>\n                            \n                                <tr>\n                                    <td>In Five Years: A Novel &times; 3</td>\n                                    <td class=\"alignright\">900.00</td>\n                                </tr>\n                            \n                            <tr>\n                                <td class=\"alignright\">Cart total:</td>\n                                <td class=\"alignright\">900.00</td>\n                            </tr>\n                            <tr>\n                                <td class=\"alignright\">Shipping:</td>\n                                <td class=\"alignright\">0.00</td>\n                            </tr>\n                            <tr class=\"total\">\n                                <td class=\"alignright\" width=\"80%\">Order Total:</td>\n                                <td class=\"alignright\">900.00</td>\n                            </tr>\n                        </tbody>\n                    </table>\n                </td>\n            </tr>\n        </tbody></table>\n    </td>\n</tr>\n\n<tr>\n    <td class=\"content-block\">\n        <p>Shipping address:</p>\n        <p>  Mr Sree Sankar<br/>\n          Meloottu Veedu,Perayam, Mulavana (PO)<br/>\n          Meloottu Veedu,Perayam, Mulavana (PO)<br/>\n          Kollam<br/>\n          Kerala<br/>\n          691503<br/>\n          India<br/>\n        </p>\n    </td>\n</tr>\n\n\n    <tr>\n        <td class=\"content-block\">\n            You can view the status of this order by clicking <a href=\"http://example.com/accounts/orders/100009/\" title=\"order status\">here</a>\n        </td>\n    </tr>\n\n\n\n                                    \n                                        <tr>\n                                            <td class=\"content-block\">\n                                                <p>Thanks for using our site!</p>\n                                                <p>The example.com team</p>\n                                            </td>\n                                        </tr>\n                                    \n                                </table>\n                            </td>\n                        </tr>\n                    </table>\n                </div>\n            </td>\n            <td></td>\n        </tr>\n    </table>\n\n    </body>\n</html>", "date_sent": "2022-11-22T20:49:16.216Z"}}, {"model": "communication.email", "pk": 5, "fields": {"user": 7, "email": "sayone@gmail.com", "subject": "Confirmation of order 100010", "body_text": "Hello,\n\nWe are pleased to confirm your order 100010 has been received and\nwill be processed shortly.\n\nYour order contains:\n\n * Samsung Galaxy S20 FE 5G - quantity: 1 - price: 34,990.00\n\nCart total: 34,990.00\nShipping: 0.00\nOrder Total: 34,990.00\n\nShipping address:\n\n  Mr Sree Sankar\n  Meloottu Veedu,Perayam, Mulavana (PO)\n  Meloottu Veedu,Perayam, Mulavana (PO)\n  Kollam\n  Kerala\n  691503\n  India\n\n\n\nYou can view the status of this order at the below URL:\nhttp://example.com/accounts/orders/100010/\n\n\nThe team\n", "body_html": "\n<!DOCTYPE html PUBLIC \"-//W3C//DTD XHTML 1.0 Transitional//EN\" \"http://www.w3.org/TR/xhtml1/DTD/xhtml1-transitional.dtd\">\n<html xmlns=\"http://www.w3.org/1999/xhtml\">\n    <head>\n        <meta name=\"viewport\" content=\"width=device-width\" />\n        <meta http-equiv=\"Content-Type\" content=\"text/html; charset=UTF-8\" />\n        <style>\n            * {\n              margin: 0;\n              font-family: \"Helvetica Neue\", Helvetica, Arial, sans-serif;\n              box-sizing: border-box;\n              font-size: 14px;\n            }\n\n            img {\n              max-width: 100%;\n            }\n\n            body {\n              -webkit-font-smoothing: antialiased;\n              -webkit-text-size-adjust: none;\n              width: 100% !important;\n              height: 100%;\n              line-height: 1.6em;\n            }\n\n            table td {\n              vertical-align: top;\n            }\n\n            body {\n              background-color: #f6f6f6;\n            }\n\n            .body-wrap {\n              background-color: #f6f6f6;\n              width: 100%;\n            }\n\n            .container {\n              display: block !important;\n              max-width: 600px !important;\n              margin: 0 auto !important;\n              clear: both !important;\n            }\n\n            .content {\n              max-width: 600px;\n              margin: 0 auto;\n              display: block;\n              padding: 20px;\n            }\n\n            .main {\n              background-color: #fff;\n              border: 1px solid #e9e9e9;\n              border-radius: 3px;\n            }\n\n            .content-wrap {\n              padding: 20px;\n            }\n\n            .content-block {\n              padding: 0 0 20px;\n            }\n\n            .header {\n              width: 100%;\n              margin-bottom: 20px;\n            }\n\n            .footer {\n              width: 100%;\n              clear: both;\n              color: #999;\n              padding: 20px;\n            }\n            .footer p, .footer a, .footer td {\n              color: #999;\n              font-size: 12px;\n            }\n\n            h1, h2, h3 {\n              font-family: \"Helvetica Neue\", Helvetica, Arial, \"Lucida Grande\", sans-serif;\n              color: #000;\n              margin: 40px 0 0;\n              line-height: 1.2em;\n              font-weight: 400;\n            }\n\n            h1 {\n              font-size: 32px;\n              font-weight: 500;\n            }\n\n            h2 {\n              font-size: 24px;\n            }\n\n            h3 {\n              font-size: 18px;\n            }\n\n            h4 {\n              font-size: 14px;\n              font-weight: 600;\n            }\n\n            p, ul, ol {\n              margin-bottom: 10px;\n              font-weight: normal;\n            }\n            p li, ul li, ol li {\n              margin-left: 5px;\n              list-style-position: inside;\n            }\n\n            a {\n              color: #348eda;\n              text-decoration: underline;\n            }\n\n            .btn-primary {\n              text-decoration: none;\n              color: #FFF;\n              background-color: #348eda;\n              border: solid #348eda;\n              border-width: 10px 20px;\n              line-height: 2em;\n              font-weight: bold;\n              text-align: center;\n              cursor: pointer;\n              display: inline-block;\n              border-radius: 5px;\n              text-transform: capitalize;\n            }\n\n            .last {\n              margin-bottom: 0;\n            }\n\n            .first {\n              margin-top: 0;\n            }\n\n            .aligncenter {\n              text-align: center;\n            }\n\n            .alignright {\n              text-align: right;\n            }\n\n            .alignleft {\n              text-align: left;\n            }\n\n            .clear {\n              clear: both;\n            }\n\n            .alert {\n              font-size: 16px;\n              color: #fff;\n              font-weight: 500;\n              padding: 20px;\n              text-align: center;\n              border-radius: 3px 3px 0 0;\n            }\n            .alert a {\n              color: #fff;\n              text-decoration: none;\n              font-weight: 500;\n              font-size: 16px;\n            }\n            .alert.alert-warning {\n              background-color: #FF9F00;\n            }\n            .alert.alert-bad {\n              background-color: #D0021B;\n            }\n            .alert.alert-good {\n              background-color: #68B90F;\n            }\n\n            .invoice {\n              margin: 40px auto;\n              text-align: left;\n              width: 80%;\n            }\n            .order {\n              text-align: left;\n              width: 100%;\n            }\n            .invoice td, .order td {\n              padding: 5px 0;\n            }\n            .invoice .invoice-items, .order .order-items {\n              width: 100%;\n            }\n            .invoice .invoice-items td, .order .order-items td {\n              border-top: #eee 1px solid;\n            }\n            .invoice .invoice-items .total td, .order .order-items .total td {\n              border-top: 2px solid #333;\n              border-bottom: 2px solid #333;\n              font-weight: 700;\n            }\n\n            @media only screen and (max-width: 640px) {\n              body {\n                padding: 0 !important;\n              }\n\n              h1, h2, h3, h4 {\n                font-weight: 800 !important;\n                margin: 20px 0 5px !important;\n              }\n\n              h1 {\n                font-size: 22px !important;\n              }\n\n              h2 {\n                font-size: 18px !important;\n              }\n\n              h3 {\n                font-size: 16px !important;\n              }\n\n              .container {\n                padding: 0 !important;\n                width: 100% !important;\n              }\n\n              .content {\n                padding: 0 !important;\n              }\n\n              .content-wrap {\n                padding: 10px !important;\n              }\n\n              .invoice {\n                width: 100% !important;\n              }\n\n              .order {\n                width: 100% !important;\n              }\n            }\n\n        </style>\n    </head>\n\n    <body itemscope itemtype=\"http://schema.org/EmailMessage\">\n\n    <table class=\"body-wrap\">\n        <tr>\n            <td></td>\n            <td class=\"container\" width=\"600\">\n                <div class=\"content\">\n                    <table class=\"main\" width=\"100%\" cellpadding=\"0\" cellspacing=\"0\" itemprop=\"action\" itemscope itemtype=\"http://schema.org/ConfirmAction\">\n                        <tr>\n                            <td class=\"content-wrap\">\n                                <table width=\"100%\" cellpadding=\"0\" cellspacing=\"0\">\n                                    \n                                    \n<tr>\n    <td class=\"content-block\">\n        <p xmlns=\"http://www.w3.org/1999/html\">Hello,</p>\n        <p>We are pleased to confirm your order 100010 has been received and\n        will be processed shortly.</p>\n    </td>\n</tr>\n\n<tr>\n    <td class=\"content-block\">\n        <table class=\"order\">\n            <tbody><tr>\n                <td>Your order contains:</td>\n            </tr>\n            <tr>\n                <td>\n                    <table class=\"order-items\" cellpadding=\"0\" cellspacing=\"0\">\n                        <tbody>\n                            \n                                <tr>\n                                    <td>Samsung Galaxy S20 FE 5G &times; 1</td>\n                                    <td class=\"alignright\">34,990.00</td>\n                                </tr>\n                            \n                            <tr>\n                                <td class=\"alignright\">Cart total:</td>\n                                <td class=\"alignright\">34,990.00</td>\n                            </tr>\n                            <tr>\n                                <td class=\"alignright\">Shipping:</td>\n                                <td class=\"alignright\">0.00</td>\n                            </tr>\n                            <tr class=\"total\">\n                                <td class=\"alignright\" width=\"80%\">Order Total:</td>\n                                <td class=\"alignright\">34,990.00</td>\n                            </tr>\n                        </tbody>\n                    </table>\n                </td>\n            </tr>\n        </tbody></table>\n    </td>\n</tr>\n\n<tr>\n    <td class=\"content-block\">\n        <p>Shipping address:</p>\n        <p>  Mr Sree Sankar<br/>\n          Meloottu Veedu,Perayam, Mulavana (PO)<br/>\n          Meloottu Veedu,Perayam, Mulavana (PO)<br/>\n          Kollam<br/>\n          Kerala<br/>\n          691503<br/>\n          India<br/>\n        </p>\n    </td>\n</tr>\n\n\n    <tr>\n        <td class=\"content-block\">\n            You can view the status of this order by clicking <a href=\"http://example.com/accounts/orders/100010/\" title=\"order status\">here</a>\n        </td>\n    </tr>\n\n\n\n                                    \n                                        <tr>\n                                            <td class=\"content-block\">\n                                                <p>Thanks for using our site!</p>\n                                                <p>The example.com team</p>\n                                            </td>\n                                        </tr>\n                                    \n                                </table>\n                            </td>\n                        </tr>\n                    </table>\n                </div>\n            </td>\n            <td></td>\n        </tr>\n    </table>\n\n    </body>\n</html>", "date_sent": "2022-11-22T20:50:12.651Z"}}, {"model": "communication.email", "pk": 6, "fields": {"user": 7, "email": "sayone@gmail.com", "subject": "Confirmation of order 100011", "body_text": "Hello,\n\nWe are pleased to confirm your order 100011 has been received and\nwill be processed shortly.\n\nYour order contains:\n\n * Samsung Galaxy S20 FE 5G - quantity: 1 - price: 34,990.00\n\nCart total: 34,990.00\nShipping: 0.00\nOrder Total: 34,990.00\n\nShipping address:\n\n  Mr Sree Sankar\n  Meloottu Veedu,Perayam, Mulavana (PO)\n  Meloottu Veedu,Perayam, Mulavana (PO)\n  Kollam\n  Kerala\n  691503\n  India\n\n\n\nYou can view the status of this order at the below URL:\nhttp://example.com/accounts/orders/100011/\n\n\nThe team\n", "body_html": "\n<!DOCTYPE html PUBLIC \"-//W3C//DTD XHTML 1.0 Transitional//EN\" \"http://www.w3.org/TR/xhtml1/DTD/xhtml1-transitional.dtd\">\n<html xmlns=\"http://www.w3.org/1999/xhtml\">\n    <head>\n        <meta name=\"viewport\" content=\"width=device-width\" />\n        <meta http-equiv=\"Content-Type\" content=\"text/html; charset=UTF-8\" />\n        <style>\n            * {\n              margin: 0;\n              font-family: \"Helvetica Neue\", Helvetica, Arial, sans-serif;\n              box-sizing: border-box;\n              font-size: 14px;\n            }\n\n            img {\n              max-width: 100%;\n            }\n\n            body {\n              -webkit-font-smoothing: antialiased;\n              -webkit-text-size-adjust: none;\n              width: 100% !important;\n              height: 100%;\n              line-height: 1.6em;\n            }\n\n            table td {\n              vertical-align: top;\n            }\n\n            body {\n              background-color: #f6f6f6;\n            }\n\n            .body-wrap {\n              background-color: #f6f6f6;\n              width: 100%;\n            }\n\n            .container {\n              display: block !important;\n              max-width: 600px !important;\n              margin: 0 auto !important;\n              clear: both !important;\n            }\n\n            .content {\n              max-width: 600px;\n              margin: 0 auto;\n              display: block;\n              padding: 20px;\n            }\n\n            .main {\n              background-color: #fff;\n              border: 1px solid #e9e9e9;\n              border-radius: 3px;\n            }\n\n            .content-wrap {\n              padding: 20px;\n            }\n\n            .content-block {\n              padding: 0 0 20px;\n            }\n\n            .header {\n              width: 100%;\n              margin-bottom: 20px;\n            }\n\n            .footer {\n              width: 100%;\n              clear: both;\n              color: #999;\n              padding: 20px;\n            }\n            .footer p, .footer a, .footer td {\n              color: #999;\n              font-size: 12px;\n            }\n\n            h1, h2, h3 {\n              font-family: \"Helvetica Neue\", Helvetica, Arial, \"Lucida Grande\", sans-serif;\n              color: #000;\n              margin: 40px 0 0;\n              line-height: 1.2em;\n              font-weight: 400;\n            }\n\n            h1 {\n              font-size: 32px;\n              font-weight: 500;\n            }\n\n            h2 {\n              font-size: 24px;\n            }\n\n            h3 {\n              font-size: 18px;\n            }\n\n            h4 {\n              font-size: 14px;\n              font-weight: 600;\n            }\n\n            p, ul, ol {\n              margin-bottom: 10px;\n              font-weight: normal;\n            }\n            p li, ul li, ol li {\n              margin-left: 5px;\n              list-style-position: inside;\n            }\n\n            a {\n              color: #348eda;\n              text-decoration: underline;\n            }\n\n            .btn-primary {\n              text-decoration: none;\n              color: #FFF;\n              background-color: #348eda;\n              border: solid #348eda;\n              border-width: 10px 20px;\n              line-height: 2em;\n              font-weight: bold;\n              text-align: center;\n              cursor: pointer;\n              display: inline-block;\n              border-radius: 5px;\n              text-transform: capitalize;\n            }\n\n            .last {\n              margin-bottom: 0;\n            }\n\n            .first {\n              margin-top: 0;\n            }\n\n            .aligncenter {\n              text-align: center;\n            }\n\n            .alignright {\n              text-align: right;\n            }\n\n            .alignleft {\n              text-align: left;\n            }\n\n            .clear {\n              clear: both;\n            }\n\n            .alert {\n              font-size: 16px;\n              color: #fff;\n              font-weight: 500;\n              padding: 20px;\n              text-align: center;\n              border-radius: 3px 3px 0 0;\n            }\n            .alert a {\n              color: #fff;\n              text-decoration: none;\n              font-weight: 500;\n              font-size: 16px;\n            }\n            .alert.alert-warning {\n              background-color: #FF9F00;\n            }\n            .alert.alert-bad {\n              background-color: #D0021B;\n            }\n            .alert.alert-good {\n              background-color: #68B90F;\n            }\n\n            .invoice {\n              margin: 40px auto;\n              text-align: left;\n              width: 80%;\n            }\n            .order {\n              text-align: left;\n              width: 100%;\n            }\n            .invoice td, .order td {\n              padding: 5px 0;\n            }\n            .invoice .invoice-items, .order .order-items {\n              width: 100%;\n            }\n            .invoice .invoice-items td, .order .order-items td {\n              border-top: #eee 1px solid;\n            }\n            .invoice .invoice-items .total td, .order .order-items .total td {\n              border-top: 2px solid #333;\n              border-bottom: 2px solid #333;\n              font-weight: 700;\n            }\n\n            @media only screen and (max-width: 640px) {\n              body {\n                padding: 0 !important;\n              }\n\n              h1, h2, h3, h4 {\n                font-weight: 800 !important;\n                margin: 20px 0 5px !important;\n              }\n\n              h1 {\n                font-size: 22px !important;\n              }\n\n              h2 {\n                font-size: 18px !important;\n              }\n\n              h3 {\n                font-size: 16px !important;\n              }\n\n              .container {\n                padding: 0 !important;\n                width: 100% !important;\n              }\n\n              .content {\n                padding: 0 !important;\n              }\n\n              .content-wrap {\n                padding: 10px !important;\n              }\n\n              .invoice {\n                width: 100% !important;\n              }\n\n              .order {\n                width: 100% !important;\n              }\n            }\n\n        </style>\n    </head>\n\n    <body itemscope itemtype=\"http://schema.org/EmailMessage\">\n\n    <table class=\"body-wrap\">\n        <tr>\n            <td></td>\n            <td class=\"container\" width=\"600\">\n                <div class=\"content\">\n                    <table class=\"main\" width=\"100%\" cellpadding=\"0\" cellspacing=\"0\" itemprop=\"action\" itemscope itemtype=\"http://schema.org/ConfirmAction\">\n                        <tr>\n                            <td class=\"content-wrap\">\n                                <table width=\"100%\" cellpadding=\"0\" cellspacing=\"0\">\n                                    \n                                    \n<tr>\n    <td class=\"content-block\">\n        <p xmlns=\"http://www.w3.org/1999/html\">Hello,</p>\n        <p>We are pleased to confirm your order 100011 has been received and\n        will be processed shortly.</p>\n    </td>\n</tr>\n\n<tr>\n    <td class=\"content-block\">\n        <table class=\"order\">\n            <tbody><tr>\n                <td>Your order contains:</td>\n            </tr>\n            <tr>\n                <td>\n                    <table class=\"order-items\" cellpadding=\"0\" cellspacing=\"0\">\n                        <tbody>\n                            \n                                <tr>\n                                    <td>Samsung Galaxy S20 FE 5G &times; 1</td>\n                                    <td class=\"alignright\">34,990.00</td>\n                                </tr>\n                            \n                            <tr>\n                                <td class=\"alignright\">Cart total:</td>\n                                <td class=\"alignright\">34,990.00</td>\n                            </tr>\n                            <tr>\n                                <td class=\"alignright\">Shipping:</td>\n                                <td class=\"alignright\">0.00</td>\n                            </tr>\n                            <tr class=\"total\">\n                                <td class=\"alignright\" width=\"80%\">Order Total:</td>\n                                <td class=\"alignright\">34,990.00</td>\n                            </tr>\n                        </tbody>\n                    </table>\n                </td>\n            </tr>\n        </tbody></table>\n    </td>\n</tr>\n\n<tr>\n    <td class=\"content-block\">\n        <p>Shipping address:</p>\n        <p>  Mr Sree Sankar<br/>\n          Meloottu Veedu,Perayam, Mulavana (PO)<br/>\n          Meloottu Veedu,Perayam, Mulavana (PO)<br/>\n          Kollam<br/>\n          Kerala<br/>\n          691503<br/>\n          India<br/>\n        </p>\n    </td>\n</tr>\n\n\n    <tr>\n        <td class=\"content-block\">\n            You can view the status of this order by clicking <a href=\"http://example.com/accounts/orders/100011/\" title=\"order status\">here</a>\n        </td>\n    </tr>\n\n\n\n                                    \n                                        <tr>\n                                            <td class=\"content-block\">\n                                                <p>Thanks for using our site!</p>\n                                                <p>The example.com team</p>\n                                            </td>\n                                        </tr>\n                                    \n                                </table>\n                            </td>\n                        </tr>\n                    </table>\n                </div>\n            </td>\n            <td></td>\n        </tr>\n    </table>\n\n    </body>\n</html>", "date_sent": "2022-11-22T20:53:32.267Z"}}, {"model": "communication.email", "pk": 7, "fields": {"user": 7, "email": "sayone@gmail.com", "subject": "Confirmation of order 100012", "body_text": "Hello,\n\nWe are pleased to confirm your order 100012 has been received and\nwill be processed shortly.\n\nYour order contains:\n\n * In Five Years: A Novel - quantity: 1 - price: 300.00\n\nCart total: 300.00\nShipping: 0.00\nOrder Total: 300.00\n\nShipping address:\n\n  Mr Sree Sankar\n  Meloottu Veedu,Perayam, Mulavana (PO)\n  Meloottu Veedu,Perayam, Mulavana (PO)\n  Kollam\n  Kerala\n  691503\n  India\n\n\n\nYou can view the status of this order at the below URL:\nhttp://example.com/accounts/orders/100012/\n\n\nThe team\n", "body_html": "\n<!DOCTYPE html PUBLIC \"-//W3C//DTD XHTML 1.0 Transitional//EN\" \"http://www.w3.org/TR/xhtml1/DTD/xhtml1-transitional.dtd\">\n<html xmlns=\"http://www.w3.org/1999/xhtml\">\n    <head>\n        <meta name=\"viewport\" content=\"width=device-width\" />\n        <meta http-equiv=\"Content-Type\" content=\"text/html; charset=UTF-8\" />\n        <style>\n            * {\n              margin: 0;\n              font-family: \"Helvetica Neue\", Helvetica, Arial, sans-serif;\n              box-sizing: border-box;\n              font-size: 14px;\n            }\n\n            img {\n              max-width: 100%;\n            }\n\n            body {\n              -webkit-font-smoothing: antialiased;\n              -webkit-text-size-adjust: none;\n              width: 100% !important;\n              height: 100%;\n              line-height: 1.6em;\n            }\n\n            table td {\n              vertical-align: top;\n            }\n\n            body {\n              background-color: #f6f6f6;\n            }\n\n            .body-wrap {\n              background-color: #f6f6f6;\n              width: 100%;\n            }\n\n            .container {\n              display: block !important;\n              max-width: 600px !important;\n              margin: 0 auto !important;\n              clear: both !important;\n            }\n\n            .content {\n              max-width: 600px;\n              margin: 0 auto;\n              display: block;\n              padding: 20px;\n            }\n\n            .main {\n              background-color: #fff;\n              border: 1px solid #e9e9e9;\n              border-radius: 3px;\n            }\n\n            .content-wrap {\n              padding: 20px;\n            }\n\n            .content-block {\n              padding: 0 0 20px;\n            }\n\n            .header {\n              width: 100%;\n              margin-bottom: 20px;\n            }\n\n            .footer {\n              width: 100%;\n              clear: both;\n              color: #999;\n              padding: 20px;\n            }\n            .footer p, .footer a, .footer td {\n              color: #999;\n              font-size: 12px;\n            }\n\n            h1, h2, h3 {\n              font-family: \"Helvetica Neue\", Helvetica, Arial, \"Lucida Grande\", sans-serif;\n              color: #000;\n              margin: 40px 0 0;\n              line-height: 1.2em;\n              font-weight: 400;\n            }\n\n            h1 {\n              font-size: 32px;\n              font-weight: 500;\n            }\n\n            h2 {\n              font-size: 24px;\n            }\n\n            h3 {\n              font-size: 18px;\n            }\n\n            h4 {\n              font-size: 14px;\n              font-weight: 600;\n            }\n\n            p, ul, ol {\n              margin-bottom: 10px;\n              font-weight: normal;\n            }\n            p li, ul li, ol li {\n              margin-left: 5px;\n              list-style-position: inside;\n            }\n\n            a {\n              color: #348eda;\n              text-decoration: underline;\n            }\n\n            .btn-primary {\n              text-decoration: none;\n              color: #FFF;\n              background-color: #348eda;\n              border: solid #348eda;\n              border-width: 10px 20px;\n              line-height: 2em;\n              font-weight: bold;\n              text-align: center;\n              cursor: pointer;\n              display: inline-block;\n              border-radius: 5px;\n              text-transform: capitalize;\n            }\n\n            .last {\n              margin-bottom: 0;\n            }\n\n            .first {\n              margin-top: 0;\n            }\n\n            .aligncenter {\n              text-align: center;\n            }\n\n            .alignright {\n              text-align: right;\n            }\n\n            .alignleft {\n              text-align: left;\n            }\n\n            .clear {\n              clear: both;\n            }\n\n            .alert {\n              font-size: 16px;\n              color: #fff;\n              font-weight: 500;\n              padding: 20px;\n              text-align: center;\n              border-radius: 3px 3px 0 0;\n            }\n            .alert a {\n              color: #fff;\n              text-decoration: none;\n              font-weight: 500;\n              font-size: 16px;\n            }\n            .alert.alert-warning {\n              background-color: #FF9F00;\n            }\n            .alert.alert-bad {\n              background-color: #D0021B;\n            }\n            .alert.alert-good {\n              background-color: #68B90F;\n            }\n\n            .invoice {\n              margin: 40px auto;\n              text-align: left;\n              width: 80%;\n            }\n            .order {\n              text-align: left;\n              width: 100%;\n            }\n            .invoice td, .order td {\n              padding: 5px 0;\n            }\n            .invoice .invoice-items, .order .order-items {\n              width: 100%;\n            }\n            .invoice .invoice-items td, .order .order-items td {\n              border-top: #eee 1px solid;\n            }\n            .invoice .invoice-items .total td, .order .order-items .total td {\n              border-top: 2px solid #333;\n              border-bottom: 2px solid #333;\n              font-weight: 700;\n            }\n\n            @media only screen and (max-width: 640px) {\n              body {\n                padding: 0 !important;\n              }\n\n              h1, h2, h3, h4 {\n                font-weight: 800 !important;\n                margin: 20px 0 5px !important;\n              }\n\n              h1 {\n                font-size: 22px !important;\n              }\n\n              h2 {\n                font-size: 18px !important;\n              }\n\n              h3 {\n                font-size: 16px !important;\n              }\n\n              .container {\n                padding: 0 !important;\n                width: 100% !important;\n              }\n\n              .content {\n                padding: 0 !important;\n              }\n\n              .content-wrap {\n                padding: 10px !important;\n              }\n\n              .invoice {\n                width: 100% !important;\n              }\n\n              .order {\n                width: 100% !important;\n              }\n            }\n\n        </style>\n    </head>\n\n    <body itemscope itemtype=\"http://schema.org/EmailMessage\">\n\n    <table class=\"body-wrap\">\n        <tr>\n            <td></td>\n            <td class=\"container\" width=\"600\">\n                <div class=\"content\">\n                    <table class=\"main\" width=\"100%\" cellpadding=\"0\" cellspacing=\"0\" itemprop=\"action\" itemscope itemtype=\"http://schema.org/ConfirmAction\">\n                        <tr>\n                            <td class=\"content-wrap\">\n                                <table width=\"100%\" cellpadding=\"0\" cellspacing=\"0\">\n                                    \n                                    \n<tr>\n    <td class=\"content-block\">\n        <p xmlns=\"http://www.w3.org/1999/html\">Hello,</p>\n        <p>We are pleased to confirm your order 100012 has been received and\n        will be processed shortly.</p>\n    </td>\n</tr>\n\n<tr>\n    <td class=\"content-block\">\n        <table class=\"order\">\n            <tbody><tr>\n                <td>Your order contains:</td>\n            </tr>\n            <tr>\n                <td>\n                    <table class=\"order-items\" cellpadding=\"0\" cellspacing=\"0\">\n                        <tbody>\n                            \n                                <tr>\n                                    <td>In Five Years: A Novel &times; 1</td>\n                                    <td class=\"alignright\">300.00</td>\n                                </tr>\n                            \n                            <tr>\n                                <td class=\"alignright\">Cart total:</td>\n                                <td class=\"alignright\">300.00</td>\n                            </tr>\n                            <tr>\n                                <td class=\"alignright\">Shipping:</td>\n                                <td class=\"alignright\">0.00</td>\n                            </tr>\n                            <tr class=\"total\">\n                                <td class=\"alignright\" width=\"80%\">Order Total:</td>\n                                <td class=\"alignright\">300.00</td>\n                            </tr>\n                        </tbody>\n                    </table>\n                </td>\n            </tr>\n        </tbody></table>\n    </td>\n</tr>\n\n<tr>\n    <td class=\"content-block\">\n        <p>Shipping address:</p>\n        <p>  Mr Sree Sankar<br/>\n          Meloottu Veedu,Perayam, Mulavana (PO)<br/>\n          Meloottu Veedu,Perayam, Mulavana (PO)<br/>\n          Kollam<br/>\n          Kerala<br/>\n          691503<br/>\n          India<br/>\n        </p>\n    </td>\n</tr>\n\n\n    <tr>\n        <td class=\"content-block\">\n            You can view the status of this order by clicking <a href=\"http://example.com/accounts/orders/100012/\" title=\"order status\">here</a>\n        </td>\n    </tr>\n\n\n\n                                    \n                                        <tr>\n                                            <td class=\"content-block\">\n                                                <p>Thanks for using our site!</p>\n                                                <p>The example.com team</p>\n                                            </td>\n                                        </tr>\n                                    \n                                </table>\n                            </td>\n                        </tr>\n                    </table>\n                </div>\n            </td>\n            <td></td>\n        </tr>\n    </table>\n\n    </body>\n</html>", "date_sent": "2022-11-22T20:55:50.024Z"}}, {"model": "communication.email", "pk": 8, "fields": {"user": 7, "email": "sayone@gmail.com", "subject": "Confirmation of order 100013", "body_text": "Hello,\n\nWe are pleased to confirm your order 100013 has been received and\nwill be processed shortly.\n\nYour order contains:\n\n * Mi Notebook Pro QHD+ IPS Anti-Glare Display - quantity: 1 - price: 54,999.00\n\nCart total: 54,999.00\nShipping: 0.00\nOrder Total: 54,999.00\n\nShipping address:\n\n  Mr Sree Sankar\n  Meloottu Veedu,Perayam, Mulavana (PO)\n  Meloottu Veedu,Perayam, Mulavana (PO)\n  Kollam\n  Kerala\n  691503\n  India\n\n\n\nYou can view the status of this order at the below URL:\nhttp://example.com/accounts/orders/100013/\n\n\nThe team\n", "body_html": "\n<!DOCTYPE html PUBLIC \"-//W3C//DTD XHTML 1.0 Transitional//EN\" \"http://www.w3.org/TR/xhtml1/DTD/xhtml1-transitional.dtd\">\n<html xmlns=\"http://www.w3.org/1999/xhtml\">\n    <head>\n        <meta name=\"viewport\" content=\"width=device-width\" />\n        <meta http-equiv=\"Content-Type\" content=\"text/html; charset=UTF-8\" />\n        <style>\n            * {\n              margin: 0;\n              font-family: \"Helvetica Neue\", Helvetica, Arial, sans-serif;\n              box-sizing: border-box;\n              font-size: 14px;\n            }\n\n            img {\n              max-width: 100%;\n            }\n\n            body {\n              -webkit-font-smoothing: antialiased;\n              -webkit-text-size-adjust: none;\n              width: 100% !important;\n              height: 100%;\n              line-height: 1.6em;\n            }\n\n            table td {\n              vertical-align: top;\n            }\n\n            body {\n              background-color: #f6f6f6;\n            }\n\n            .body-wrap {\n              background-color: #f6f6f6;\n              width: 100%;\n            }\n\n            .container {\n              display: block !important;\n              max-width: 600px !important;\n              margin: 0 auto !important;\n              clear: both !important;\n            }\n\n            .content {\n              max-width: 600px;\n              margin: 0 auto;\n              display: block;\n              padding: 20px;\n            }\n\n            .main {\n              background-color: #fff;\n              border: 1px solid #e9e9e9;\n              border-radius: 3px;\n            }\n\n            .content-wrap {\n              padding: 20px;\n            }\n\n            .content-block {\n              padding: 0 0 20px;\n            }\n\n            .header {\n              width: 100%;\n              margin-bottom: 20px;\n            }\n\n            .footer {\n              width: 100%;\n              clear: both;\n              color: #999;\n              padding: 20px;\n            }\n            .footer p, .footer a, .footer td {\n              color: #999;\n              font-size: 12px;\n            }\n\n            h1, h2, h3 {\n              font-family: \"Helvetica Neue\", Helvetica, Arial, \"Lucida Grande\", sans-serif;\n              color: #000;\n              margin: 40px 0 0;\n              line-height: 1.2em;\n              font-weight: 400;\n            }\n\n            h1 {\n              font-size: 32px;\n              font-weight: 500;\n            }\n\n            h2 {\n              font-size: 24px;\n            }\n\n            h3 {\n              font-size: 18px;\n            }\n\n            h4 {\n              font-size: 14px;\n              font-weight: 600;\n            }\n\n            p, ul, ol {\n              margin-bottom: 10px;\n              font-weight: normal;\n            }\n            p li, ul li, ol li {\n              margin-left: 5px;\n              list-style-position: inside;\n            }\n\n            a {\n              color: #348eda;\n              text-decoration: underline;\n            }\n\n            .btn-primary {\n              text-decoration: none;\n              color: #FFF;\n              background-color: #348eda;\n              border: solid #348eda;\n              border-width: 10px 20px;\n              line-height: 2em;\n              font-weight: bold;\n              text-align: center;\n              cursor: pointer;\n              display: inline-block;\n              border-radius: 5px;\n              text-transform: capitalize;\n            }\n\n            .last {\n              margin-bottom: 0;\n            }\n\n            .first {\n              margin-top: 0;\n            }\n\n            .aligncenter {\n              text-align: center;\n            }\n\n            .alignright {\n              text-align: right;\n            }\n\n            .alignleft {\n              text-align: left;\n            }\n\n            .clear {\n              clear: both;\n            }\n\n            .alert {\n              font-size: 16px;\n              color: #fff;\n              font-weight: 500;\n              padding: 20px;\n              text-align: center;\n              border-radius: 3px 3px 0 0;\n            }\n            .alert a {\n              color: #fff;\n              text-decoration: none;\n              font-weight: 500;\n              font-size: 16px;\n            }\n            .alert.alert-warning {\n              background-color: #FF9F00;\n            }\n            .alert.alert-bad {\n              background-color: #D0021B;\n            }\n            .alert.alert-good {\n              background-color: #68B90F;\n            }\n\n            .invoice {\n              margin: 40px auto;\n              text-align: left;\n              width: 80%;\n            }\n            .order {\n              text-align: left;\n              width: 100%;\n            }\n            .invoice td, .order td {\n              padding: 5px 0;\n            }\n            .invoice .invoice-items, .order .order-items {\n              width: 100%;\n            }\n            .invoice .invoice-items td, .order .order-items td {\n              border-top: #eee 1px solid;\n            }\n            .invoice .invoice-items .total td, .order .order-items .total td {\n              border-top: 2px solid #333;\n              border-bottom: 2px solid #333;\n              font-weight: 700;\n            }\n\n            @media only screen and (max-width: 640px) {\n              body {\n                padding: 0 !important;\n              }\n\n              h1, h2, h3, h4 {\n                font-weight: 800 !important;\n                margin: 20px 0 5px !important;\n              }\n\n              h1 {\n                font-size: 22px !important;\n              }\n\n              h2 {\n                font-size: 18px !important;\n              }\n\n              h3 {\n                font-size: 16px !important;\n              }\n\n              .container {\n                padding: 0 !important;\n                width: 100% !important;\n              }\n\n              .content {\n                padding: 0 !important;\n              }\n\n              .content-wrap {\n                padding: 10px !important;\n              }\n\n              .invoice {\n                width: 100% !important;\n              }\n\n              .order {\n                width: 100% !important;\n              }\n            }\n\n        </style>\n    </head>\n\n    <body itemscope itemtype=\"http://schema.org/EmailMessage\">\n\n    <table class=\"body-wrap\">\n        <tr>\n            <td></td>\n            <td class=\"container\" width=\"600\">\n                <div class=\"content\">\n                    <table class=\"main\" width=\"100%\" cellpadding=\"0\" cellspacing=\"0\" itemprop=\"action\" itemscope itemtype=\"http://schema.org/ConfirmAction\">\n                        <tr>\n                            <td class=\"content-wrap\">\n                                <table width=\"100%\" cellpadding=\"0\" cellspacing=\"0\">\n                                    \n                                    \n<tr>\n    <td class=\"content-block\">\n        <p xmlns=\"http://www.w3.org/1999/html\">Hello,</p>\n        <p>We are pleased to confirm your order 100013 has been received and\n        will be processed shortly.</p>\n    </td>\n</tr>\n\n<tr>\n    <td class=\"content-block\">\n        <table class=\"order\">\n            <tbody><tr>\n                <td>Your order contains:</td>\n            </tr>\n            <tr>\n                <td>\n                    <table class=\"order-items\" cellpadding=\"0\" cellspacing=\"0\">\n                        <tbody>\n                            \n                                <tr>\n                                    <td>Mi Notebook Pro QHD+ IPS Anti-Glare Display &times; 1</td>\n                                    <td class=\"alignright\">54,999.00</td>\n                                </tr>\n                            \n                            <tr>\n                                <td class=\"alignright\">Cart total:</td>\n                                <td class=\"alignright\">54,999.00</td>\n                            </tr>\n                            <tr>\n                                <td class=\"alignright\">Shipping:</td>\n                                <td class=\"alignright\">0.00</td>\n                            </tr>\n                            <tr class=\"total\">\n                                <td class=\"alignright\" width=\"80%\">Order Total:</td>\n                                <td class=\"alignright\">54,999.00</td>\n                            </tr>\n                        </tbody>\n                    </table>\n                </td>\n            </tr>\n        </tbody></table>\n    </td>\n</tr>\n\n<tr>\n    <td class=\"content-block\">\n        <p>Shipping address:</p>\n        <p>  Mr Sree Sankar<br/>\n          Meloottu Veedu,Perayam, Mulavana (PO)<br/>\n          Meloottu Veedu,Perayam, Mulavana (PO)<br/>\n          Kollam<br/>\n          Kerala<br/>\n          691503<br/>\n          India<br/>\n        </p>\n    </td>\n</tr>\n\n\n    <tr>\n        <td class=\"content-block\">\n            You can view the status of this order by clicking <a href=\"http://example.com/accounts/orders/100013/\" title=\"order status\">here</a>\n        </td>\n    </tr>\n\n\n\n                                    \n                                        <tr>\n                                            <td class=\"content-block\">\n                                                <p>Thanks for using our site!</p>\n                                                <p>The example.com team</p>\n                                            </td>\n                                        </tr>\n                                    \n                                </table>\n                            </td>\n                        </tr>\n                    </table>\n                </div>\n            </td>\n            <td></td>\n        </tr>\n    </table>\n\n    </body>\n</html>", "date_sent": "2022-11-22T20:58:09.765Z"}}, {"model": "communication.email", "pk": 9, "fields": {"user": 7, "email": "sayone@gmail.com", "subject": "Confirmation of order 100014", "body_text": "Hello,\n\nWe are pleased to confirm your order 100014 has been received and\nwill be processed shortly.\n\nYour order contains:\n\n * 2021 Apple 10.2-inch (25.91 cm) - quantity: 1 - price: 29,000.00\n\nCart total: 29,000.00\nShipping: 0.00\nOrder Total: 29,000.00\n\nShipping address:\n\n  Mr Sree Sankar\n  Meloottu Veedu,Perayam, Mulavana (PO)\n  Meloottu Veedu,Perayam, Mulavana (PO)\n  Kollam\n  Kerala\n  691503\n  India\n\n\n\nYou can view the status of this order at the below URL:\nhttp://example.com/accounts/orders/100014/\n\n\nThe team\n", "body_html": "\n<!DOCTYPE html PUBLIC \"-//W3C//DTD XHTML 1.0 Transitional//EN\" \"http://www.w3.org/TR/xhtml1/DTD/xhtml1-transitional.dtd\">\n<html xmlns=\"http://www.w3.org/1999/xhtml\">\n    <head>\n        <meta name=\"viewport\" content=\"width=device-width\" />\n        <meta http-equiv=\"Content-Type\" content=\"text/html; charset=UTF-8\" />\n        <style>\n            * {\n              margin: 0;\n              font-family: \"Helvetica Neue\", Helvetica, Arial, sans-serif;\n              box-sizing: border-box;\n              font-size: 14px;\n            }\n\n            img {\n              max-width: 100%;\n            }\n\n            body {\n              -webkit-font-smoothing: antialiased;\n              -webkit-text-size-adjust: none;\n              width: 100% !important;\n              height: 100%;\n              line-height: 1.6em;\n            }\n\n            table td {\n              vertical-align: top;\n            }\n\n            body {\n              background-color: #f6f6f6;\n            }\n\n            .body-wrap {\n              background-color: #f6f6f6;\n              width: 100%;\n            }\n\n            .container {\n              display: block !important;\n              max-width: 600px !important;\n              margin: 0 auto !important;\n              clear: both !important;\n            }\n\n            .content {\n              max-width: 600px;\n              margin: 0 auto;\n              display: block;\n              padding: 20px;\n            }\n\n            .main {\n              background-color: #fff;\n              border: 1px solid #e9e9e9;\n              border-radius: 3px;\n            }\n\n            .content-wrap {\n              padding: 20px;\n            }\n\n            .content-block {\n              padding: 0 0 20px;\n            }\n\n            .header {\n              width: 100%;\n              margin-bottom: 20px;\n            }\n\n            .footer {\n              width: 100%;\n              clear: both;\n              color: #999;\n              padding: 20px;\n            }\n            .footer p, .footer a, .footer td {\n              color: #999;\n              font-size: 12px;\n            }\n\n            h1, h2, h3 {\n              font-family: \"Helvetica Neue\", Helvetica, Arial, \"Lucida Grande\", sans-serif;\n              color: #000;\n              margin: 40px 0 0;\n              line-height: 1.2em;\n              font-weight: 400;\n            }\n\n            h1 {\n              font-size: 32px;\n              font-weight: 500;\n            }\n\n            h2 {\n              font-size: 24px;\n            }\n\n            h3 {\n              font-size: 18px;\n            }\n\n            h4 {\n              font-size: 14px;\n              font-weight: 600;\n            }\n\n            p, ul, ol {\n              margin-bottom: 10px;\n              font-weight: normal;\n            }\n            p li, ul li, ol li {\n              margin-left: 5px;\n              list-style-position: inside;\n            }\n\n            a {\n              color: #348eda;\n              text-decoration: underline;\n            }\n\n            .btn-primary {\n              text-decoration: none;\n              color: #FFF;\n              background-color: #348eda;\n              border: solid #348eda;\n              border-width: 10px 20px;\n              line-height: 2em;\n              font-weight: bold;\n              text-align: center;\n              cursor: pointer;\n              display: inline-block;\n              border-radius: 5px;\n              text-transform: capitalize;\n            }\n\n            .last {\n              margin-bottom: 0;\n            }\n\n            .first {\n              margin-top: 0;\n            }\n\n            .aligncenter {\n              text-align: center;\n            }\n\n            .alignright {\n              text-align: right;\n            }\n\n            .alignleft {\n              text-align: left;\n            }\n\n            .clear {\n              clear: both;\n            }\n\n            .alert {\n              font-size: 16px;\n              color: #fff;\n              font-weight: 500;\n              padding: 20px;\n              text-align: center;\n              border-radius: 3px 3px 0 0;\n            }\n            .alert a {\n              color: #fff;\n              text-decoration: none;\n              font-weight: 500;\n              font-size: 16px;\n            }\n            .alert.alert-warning {\n              background-color: #FF9F00;\n            }\n            .alert.alert-bad {\n              background-color: #D0021B;\n            }\n            .alert.alert-good {\n              background-color: #68B90F;\n            }\n\n            .invoice {\n              margin: 40px auto;\n              text-align: left;\n              width: 80%;\n            }\n            .order {\n              text-align: left;\n              width: 100%;\n            }\n            .invoice td, .order td {\n              padding: 5px 0;\n            }\n            .invoice .invoice-items, .order .order-items {\n              width: 100%;\n            }\n            .invoice .invoice-items td, .order .order-items td {\n              border-top: #eee 1px solid;\n            }\n            .invoice .invoice-items .total td, .order .order-items .total td {\n              border-top: 2px solid #333;\n              border-bottom: 2px solid #333;\n              font-weight: 700;\n            }\n\n            @media only screen and (max-width: 640px) {\n              body {\n                padding: 0 !important;\n              }\n\n              h1, h2, h3, h4 {\n                font-weight: 800 !important;\n                margin: 20px 0 5px !important;\n              }\n\n              h1 {\n                font-size: 22px !important;\n              }\n\n              h2 {\n                font-size: 18px !important;\n              }\n\n              h3 {\n                font-size: 16px !important;\n              }\n\n              .container {\n                padding: 0 !important;\n                width: 100% !important;\n              }\n\n              .content {\n                padding: 0 !important;\n              }\n\n              .content-wrap {\n                padding: 10px !important;\n              }\n\n              .invoice {\n                width: 100% !important;\n              }\n\n              .order {\n                width: 100% !important;\n              }\n            }\n\n        </style>\n    </head>\n\n    <body itemscope itemtype=\"http://schema.org/EmailMessage\">\n\n    <table class=\"body-wrap\">\n        <tr>\n            <td></td>\n            <td class=\"container\" width=\"600\">\n                <div class=\"content\">\n                    <table class=\"main\" width=\"100%\" cellpadding=\"0\" cellspacing=\"0\" itemprop=\"action\" itemscope itemtype=\"http://schema.org/ConfirmAction\">\n                        <tr>\n                            <td class=\"content-wrap\">\n                                <table width=\"100%\" cellpadding=\"0\" cellspacing=\"0\">\n                                    \n                                    \n<tr>\n    <td class=\"content-block\">\n        <p xmlns=\"http://www.w3.org/1999/html\">Hello,</p>\n        <p>We are pleased to confirm your order 100014 has been received and\n        will be processed shortly.</p>\n    </td>\n</tr>\n\n<tr>\n    <td class=\"content-block\">\n        <table class=\"order\">\n            <tbody><tr>\n                <td>Your order contains:</td>\n            </tr>\n            <tr>\n                <td>\n                    <table class=\"order-items\" cellpadding=\"0\" cellspacing=\"0\">\n                        <tbody>\n                            \n                                <tr>\n                                    <td>2021 Apple 10.2-inch (25.91 cm) &times; 1</td>\n                                    <td class=\"alignright\">29,000.00</td>\n                                </tr>\n                            \n                            <tr>\n                                <td class=\"alignright\">Cart total:</td>\n                                <td class=\"alignright\">29,000.00</td>\n                            </tr>\n                            <tr>\n                                <td class=\"alignright\">Shipping:</td>\n                                <td class=\"alignright\">0.00</td>\n                            </tr>\n                            <tr class=\"total\">\n                                <td class=\"alignright\" width=\"80%\">Order Total:</td>\n                                <td class=\"alignright\">29,000.00</td>\n                            </tr>\n                        </tbody>\n                    </table>\n                </td>\n            </tr>\n        </tbody></table>\n    </td>\n</tr>\n\n<tr>\n    <td class=\"content-block\">\n        <p>Shipping address:</p>\n        <p>  Mr Sree Sankar<br/>\n          Meloottu Veedu,Perayam, Mulavana (PO)<br/>\n          Meloottu Veedu,Perayam, Mulavana (PO)<br/>\n          Kollam<br/>\n          Kerala<br/>\n          691503<br/>\n          India<br/>\n        </p>\n    </td>\n</tr>\n\n\n    <tr>\n        <td class=\"content-block\">\n            You can view the status of this order by clicking <a href=\"http://example.com/accounts/orders/100014/\" title=\"order status\">here</a>\n        </td>\n    </tr>\n\n\n\n                                    \n                                        <tr>\n                                            <td class=\"content-block\">\n                                                <p>Thanks for using our site!</p>\n                                                <p>The example.com team</p>\n                                            </td>\n                                        </tr>\n                                    \n                                </table>\n                            </td>\n                        </tr>\n                    </table>\n                </div>\n            </td>\n            <td></td>\n        </tr>\n    </table>\n\n    </body>\n</html>", "date_sent": "2022-11-22T21:03:13.070Z"}}, {"model": "communication.email", "pk": 10, "fields": {"user": 7, "email": "sayone@gmail.com", "subject": "Confirmation of order 100015", "body_text": "Hello,\n\nWe are pleased to confirm your order 100015 has been received and\nwill be processed shortly.\n\nYour order contains:\n\n * Mi Notebook Pro QHD+ IPS Anti-Glare Display - quantity: 1 - price: 54,999.00\n\nCart total: 54,999.00\nShipping: 0.00\nOrder Total: 54,999.00\n\nShipping address:\n\n  Mr Sree Sankar\n  Meloottu Veedu,Perayam, Mulavana (PO)\n  Meloottu Veedu,Perayam, Mulavana (PO)\n  Kollam\n  Kerala\n  691503\n  India\n\n\n\nYou can view the status of this order at the below URL:\nhttp://example.com/accounts/orders/100015/\n\n\nThe team\n", "body_html": "\n<!DOCTYPE html PUBLIC \"-//W3C//DTD XHTML 1.0 Transitional//EN\" \"http://www.w3.org/TR/xhtml1/DTD/xhtml1-transitional.dtd\">\n<html xmlns=\"http://www.w3.org/1999/xhtml\">\n    <head>\n        <meta name=\"viewport\" content=\"width=device-width\" />\n        <meta http-equiv=\"Content-Type\" content=\"text/html; charset=UTF-8\" />\n        <style>\n            * {\n              margin: 0;\n              font-family: \"Helvetica Neue\", Helvetica, Arial, sans-serif;\n              box-sizing: border-box;\n              font-size: 14px;\n            }\n\n            img {\n              max-width: 100%;\n            }\n\n            body {\n              -webkit-font-smoothing: antialiased;\n              -webkit-text-size-adjust: none;\n              width: 100% !important;\n              height: 100%;\n              line-height: 1.6em;\n            }\n\n            table td {\n              vertical-align: top;\n            }\n\n            body {\n              background-color: #f6f6f6;\n            }\n\n            .body-wrap {\n              background-color: #f6f6f6;\n              width: 100%;\n            }\n\n            .container {\n              display: block !important;\n              max-width: 600px !important;\n              margin: 0 auto !important;\n              clear: both !important;\n            }\n\n            .content {\n              max-width: 600px;\n              margin: 0 auto;\n              display: block;\n              padding: 20px;\n            }\n\n            .main {\n              background-color: #fff;\n              border: 1px solid #e9e9e9;\n              border-radius: 3px;\n            }\n\n            .content-wrap {\n              padding: 20px;\n            }\n\n            .content-block {\n              padding: 0 0 20px;\n            }\n\n            .header {\n              width: 100%;\n              margin-bottom: 20px;\n            }\n\n            .footer {\n              width: 100%;\n              clear: both;\n              color: #999;\n              padding: 20px;\n            }\n            .footer p, .footer a, .footer td {\n              color: #999;\n              font-size: 12px;\n            }\n\n            h1, h2, h3 {\n              font-family: \"Helvetica Neue\", Helvetica, Arial, \"Lucida Grande\", sans-serif;\n              color: #000;\n              margin: 40px 0 0;\n              line-height: 1.2em;\n              font-weight: 400;\n            }\n\n            h1 {\n              font-size: 32px;\n              font-weight: 500;\n            }\n\n            h2 {\n              font-size: 24px;\n            }\n\n            h3 {\n              font-size: 18px;\n            }\n\n            h4 {\n              font-size: 14px;\n              font-weight: 600;\n            }\n\n            p, ul, ol {\n              margin-bottom: 10px;\n              font-weight: normal;\n            }\n            p li, ul li, ol li {\n              margin-left: 5px;\n              list-style-position: inside;\n            }\n\n            a {\n              color: #348eda;\n              text-decoration: underline;\n            }\n\n            .btn-primary {\n              text-decoration: none;\n              color: #FFF;\n              background-color: #348eda;\n              border: solid #348eda;\n              border-width: 10px 20px;\n              line-height: 2em;\n              font-weight: bold;\n              text-align: center;\n              cursor: pointer;\n              display: inline-block;\n              border-radius: 5px;\n              text-transform: capitalize;\n            }\n\n            .last {\n              margin-bottom: 0;\n            }\n\n            .first {\n              margin-top: 0;\n            }\n\n            .aligncenter {\n              text-align: center;\n            }\n\n            .alignright {\n              text-align: right;\n            }\n\n            .alignleft {\n              text-align: left;\n            }\n\n            .clear {\n              clear: both;\n            }\n\n            .alert {\n              font-size: 16px;\n              color: #fff;\n              font-weight: 500;\n              padding: 20px;\n              text-align: center;\n              border-radius: 3px 3px 0 0;\n            }\n            .alert a {\n              color: #fff;\n              text-decoration: none;\n              font-weight: 500;\n              font-size: 16px;\n            }\n            .alert.alert-warning {\n              background-color: #FF9F00;\n            }\n            .alert.alert-bad {\n              background-color: #D0021B;\n            }\n            .alert.alert-good {\n              background-color: #68B90F;\n            }\n\n            .invoice {\n              margin: 40px auto;\n              text-align: left;\n              width: 80%;\n            }\n            .order {\n              text-align: left;\n              width: 100%;\n            }\n            .invoice td, .order td {\n              padding: 5px 0;\n            }\n            .invoice .invoice-items, .order .order-items {\n              width: 100%;\n            }\n            .invoice .invoice-items td, .order .order-items td {\n              border-top: #eee 1px solid;\n            }\n            .invoice .invoice-items .total td, .order .order-items .total td {\n              border-top: 2px solid #333;\n              border-bottom: 2px solid #333;\n              font-weight: 700;\n            }\n\n            @media only screen and (max-width: 640px) {\n              body {\n                padding: 0 !important;\n              }\n\n              h1, h2, h3, h4 {\n                font-weight: 800 !important;\n                margin: 20px 0 5px !important;\n              }\n\n              h1 {\n                font-size: 22px !important;\n              }\n\n              h2 {\n                font-size: 18px !important;\n              }\n\n              h3 {\n                font-size: 16px !important;\n              }\n\n              .container {\n                padding: 0 !important;\n                width: 100% !important;\n              }\n\n              .content {\n                padding: 0 !important;\n              }\n\n              .content-wrap {\n                padding: 10px !important;\n              }\n\n              .invoice {\n                width: 100% !important;\n              }\n\n              .order {\n                width: 100% !important;\n              }\n            }\n\n        </style>\n    </head>\n\n    <body itemscope itemtype=\"http://schema.org/EmailMessage\">\n\n    <table class=\"body-wrap\">\n        <tr>\n            <td></td>\n            <td class=\"container\" width=\"600\">\n                <div class=\"content\">\n                    <table class=\"main\" width=\"100%\" cellpadding=\"0\" cellspacing=\"0\" itemprop=\"action\" itemscope itemtype=\"http://schema.org/ConfirmAction\">\n                        <tr>\n                            <td class=\"content-wrap\">\n                                <table width=\"100%\" cellpadding=\"0\" cellspacing=\"0\">\n                                    \n                                    \n<tr>\n    <td class=\"content-block\">\n        <p xmlns=\"http://www.w3.org/1999/html\">Hello,</p>\n        <p>We are pleased to confirm your order 100015 has been received and\n        will be processed shortly.</p>\n    </td>\n</tr>\n\n<tr>\n    <td class=\"content-block\">\n        <table class=\"order\">\n            <tbody><tr>\n                <td>Your order contains:</td>\n            </tr>\n            <tr>\n                <td>\n                    <table class=\"order-items\" cellpadding=\"0\" cellspacing=\"0\">\n                        <tbody>\n                            \n                                <tr>\n                                    <td>Mi Notebook Pro QHD+ IPS Anti-Glare Display &times; 1</td>\n                                    <td class=\"alignright\">54,999.00</td>\n                                </tr>\n                            \n                            <tr>\n                                <td class=\"alignright\">Cart total:</td>\n                                <td class=\"alignright\">54,999.00</td>\n                            </tr>\n                            <tr>\n                                <td class=\"alignright\">Shipping:</td>\n                                <td class=\"alignright\">0.00</td>\n                            </tr>\n                            <tr class=\"total\">\n                                <td class=\"alignright\" width=\"80%\">Order Total:</td>\n                                <td class=\"alignright\">54,999.00</td>\n                            </tr>\n                        </tbody>\n                    </table>\n                </td>\n            </tr>\n        </tbody></table>\n    </td>\n</tr>\n\n<tr>\n    <td class=\"content-block\">\n        <p>Shipping address:</p>\n        <p>  Mr Sree Sankar<br/>\n          Meloottu Veedu,Perayam, Mulavana (PO)<br/>\n          Meloottu Veedu,Perayam, Mulavana (PO)<br/>\n          Kollam<br/>\n          Kerala<br/>\n          691503<br/>\n          India<br/>\n        </p>\n    </td>\n</tr>\n\n\n    <tr>\n        <td class=\"content-block\">\n            You can view the status of this order by clicking <a href=\"http://example.com/accounts/orders/100015/\" title=\"order status\">here</a>\n        </td>\n    </tr>\n\n\n\n                                    \n                                        <tr>\n                                            <td class=\"content-block\">\n                                                <p>Thanks for using our site!</p>\n                                                <p>The example.com team</p>\n                                            </td>\n                                        </tr>\n                                    \n                                </table>\n                            </td>\n                        </tr>\n                    </table>\n                </div>\n            </td>\n            <td></td>\n        </tr>\n    </table>\n\n    </body>\n</html>", "date_sent": "2022-11-22T21:04:36.807Z"}}, {"model": "communication.email", "pk": 11, "fields": {"user": 7, "email": "sayone@gmail.com", "subject": "Confirmation of order 100016", "body_text": "Hello,\n\nWe are pleased to confirm your order 100016 has been received and\nwill be processed shortly.\n\nYour order contains:\n\n * Samsung Galaxy S20 FE 5G - quantity: 1 - price: 34,990.00\n * 2021 Apple 10.2-inch (25.91 cm) - quantity: 1 - price: 29,000.00\n\nCart total: 63,990.00\nShipping: 0.00\nOrder Total: 63,990.00\n\nShipping address:\n\n  Mr Sree Sankar\n  Meloottu Veedu,Perayam, Mulavana (PO)\n  Meloottu Veedu,Perayam, Mulavana (PO)\n  Kollam\n  Kerala\n  691503\n  India\n\n\n\nYou can view the status of this order at the below URL:\nhttp://example.com/accounts/orders/100016/\n\n\nThe team\n", "body_html": "\n<!DOCTYPE html PUBLIC \"-//W3C//DTD XHTML 1.0 Transitional//EN\" \"http://www.w3.org/TR/xhtml1/DTD/xhtml1-transitional.dtd\">\n<html xmlns=\"http://www.w3.org/1999/xhtml\">\n    <head>\n        <meta name=\"viewport\" content=\"width=device-width\" />\n        <meta http-equiv=\"Content-Type\" content=\"text/html; charset=UTF-8\" />\n        <style>\n            * {\n              margin: 0;\n              font-family: \"Helvetica Neue\", Helvetica, Arial, sans-serif;\n              box-sizing: border-box;\n              font-size: 14px;\n            }\n\n            img {\n              max-width: 100%;\n            }\n\n            body {\n              -webkit-font-smoothing: antialiased;\n              -webkit-text-size-adjust: none;\n              width: 100% !important;\n              height: 100%;\n              line-height: 1.6em;\n            }\n\n            table td {\n              vertical-align: top;\n            }\n\n            body {\n              background-color: #f6f6f6;\n            }\n\n            .body-wrap {\n              background-color: #f6f6f6;\n              width: 100%;\n            }\n\n            .container {\n              display: block !important;\n              max-width: 600px !important;\n              margin: 0 auto !important;\n              clear: both !important;\n            }\n\n            .content {\n              max-width: 600px;\n              margin: 0 auto;\n              display: block;\n              padding: 20px;\n            }\n\n            .main {\n              background-color: #fff;\n              border: 1px solid #e9e9e9;\n              border-radius: 3px;\n            }\n\n            .content-wrap {\n              padding: 20px;\n            }\n\n            .content-block {\n              padding: 0 0 20px;\n            }\n\n            .header {\n              width: 100%;\n              margin-bottom: 20px;\n            }\n\n            .footer {\n              width: 100%;\n              clear: both;\n              color: #999;\n              padding: 20px;\n            }\n            .footer p, .footer a, .footer td {\n              color: #999;\n              font-size: 12px;\n            }\n\n            h1, h2, h3 {\n              font-family: \"Helvetica Neue\", Helvetica, Arial, \"Lucida Grande\", sans-serif;\n              color: #000;\n              margin: 40px 0 0;\n              line-height: 1.2em;\n              font-weight: 400;\n            }\n\n            h1 {\n              font-size: 32px;\n              font-weight: 500;\n            }\n\n            h2 {\n              font-size: 24px;\n            }\n\n            h3 {\n              font-size: 18px;\n            }\n\n            h4 {\n              font-size: 14px;\n              font-weight: 600;\n            }\n\n            p, ul, ol {\n              margin-bottom: 10px;\n              font-weight: normal;\n            }\n            p li, ul li, ol li {\n              margin-left: 5px;\n              list-style-position: inside;\n            }\n\n            a {\n              color: #348eda;\n              text-decoration: underline;\n            }\n\n            .btn-primary {\n              text-decoration: none;\n              color: #FFF;\n              background-color: #348eda;\n              border: solid #348eda;\n              border-width: 10px 20px;\n              line-height: 2em;\n              font-weight: bold;\n              text-align: center;\n              cursor: pointer;\n              display: inline-block;\n              border-radius: 5px;\n              text-transform: capitalize;\n            }\n\n            .last {\n              margin-bottom: 0;\n            }\n\n            .first {\n              margin-top: 0;\n            }\n\n            .aligncenter {\n              text-align: center;\n            }\n\n            .alignright {\n              text-align: right;\n            }\n\n            .alignleft {\n              text-align: left;\n            }\n\n            .clear {\n              clear: both;\n            }\n\n            .alert {\n              font-size: 16px;\n              color: #fff;\n              font-weight: 500;\n              padding: 20px;\n              text-align: center;\n              border-radius: 3px 3px 0 0;\n            }\n            .alert a {\n              color: #fff;\n              text-decoration: none;\n              font-weight: 500;\n              font-size: 16px;\n            }\n            .alert.alert-warning {\n              background-color: #FF9F00;\n            }\n            .alert.alert-bad {\n              background-color: #D0021B;\n            }\n            .alert.alert-good {\n              background-color: #68B90F;\n            }\n\n            .invoice {\n              margin: 40px auto;\n              text-align: left;\n              width: 80%;\n            }\n            .order {\n              text-align: left;\n              width: 100%;\n            }\n            .invoice td, .order td {\n              padding: 5px 0;\n            }\n            .invoice .invoice-items, .order .order-items {\n              width: 100%;\n            }\n            .invoice .invoice-items td, .order .order-items td {\n              border-top: #eee 1px solid;\n            }\n            .invoice .invoice-items .total td, .order .order-items .total td {\n              border-top: 2px solid #333;\n              border-bottom: 2px solid #333;\n              font-weight: 700;\n            }\n\n            @media only screen and (max-width: 640px) {\n              body {\n                padding: 0 !important;\n              }\n\n              h1, h2, h3, h4 {\n                font-weight: 800 !important;\n                margin: 20px 0 5px !important;\n              }\n\n              h1 {\n                font-size: 22px !important;\n              }\n\n              h2 {\n                font-size: 18px !important;\n              }\n\n              h3 {\n                font-size: 16px !important;\n              }\n\n              .container {\n                padding: 0 !important;\n                width: 100% !important;\n              }\n\n              .content {\n                padding: 0 !important;\n              }\n\n              .content-wrap {\n                padding: 10px !important;\n              }\n\n              .invoice {\n                width: 100% !important;\n              }\n\n              .order {\n                width: 100% !important;\n              }\n            }\n\n        </style>\n    </head>\n\n    <body itemscope itemtype=\"http://schema.org/EmailMessage\">\n\n    <table class=\"body-wrap\">\n        <tr>\n            <td></td>\n            <td class=\"container\" width=\"600\">\n                <div class=\"content\">\n                    <table class=\"main\" width=\"100%\" cellpadding=\"0\" cellspacing=\"0\" itemprop=\"action\" itemscope itemtype=\"http://schema.org/ConfirmAction\">\n                        <tr>\n                            <td class=\"content-wrap\">\n                                <table width=\"100%\" cellpadding=\"0\" cellspacing=\"0\">\n                                    \n                                    \n<tr>\n    <td class=\"content-block\">\n        <p xmlns=\"http://www.w3.org/1999/html\">Hello,</p>\n        <p>We are pleased to confirm your order 100016 has been received and\n        will be processed shortly.</p>\n    </td>\n</tr>\n\n<tr>\n    <td class=\"content-block\">\n        <table class=\"order\">\n            <tbody><tr>\n                <td>Your order contains:</td>\n            </tr>\n            <tr>\n                <td>\n                    <table class=\"order-items\" cellpadding=\"0\" cellspacing=\"0\">\n                        <tbody>\n                            \n                                <tr>\n                                    <td>Samsung Galaxy S20 FE 5G &times; 1</td>\n                                    <td class=\"alignright\">34,990.00</td>\n                                </tr>\n                            \n                                <tr>\n                                    <td>2021 Apple 10.2-inch (25.91 cm) &times; 1</td>\n                                    <td class=\"alignright\">29,000.00</td>\n                                </tr>\n                            \n                            <tr>\n                                <td class=\"alignright\">Cart total:</td>\n                                <td class=\"alignright\">63,990.00</td>\n                            </tr>\n                            <tr>\n                                <td class=\"alignright\">Shipping:</td>\n                                <td class=\"alignright\">0.00</td>\n                            </tr>\n                            <tr class=\"total\">\n                                <td class=\"alignright\" width=\"80%\">Order Total:</td>\n                                <td class=\"alignright\">63,990.00</td>\n                            </tr>\n                        </tbody>\n                    </table>\n                </td>\n            </tr>\n        </tbody></table>\n    </td>\n</tr>\n\n<tr>\n    <td class=\"content-block\">\n        <p>Shipping address:</p>\n        <p>  Mr Sree Sankar<br/>\n          Meloottu Veedu,Perayam, Mulavana (PO)<br/>\n          Meloottu Veedu,Perayam, Mulavana (PO)<br/>\n          Kollam<br/>\n          Kerala<br/>\n          691503<br/>\n          India<br/>\n        </p>\n    </td>\n</tr>\n\n\n    <tr>\n        <td class=\"content-block\">\n            You can view the status of this order by clicking <a href=\"http://example.com/accounts/orders/100016/\" title=\"order status\">here</a>\n        </td>\n    </tr>\n\n\n\n                                    \n                                        <tr>\n                                            <td class=\"content-block\">\n                                                <p>Thanks for using our site!</p>\n                                                <p>The example.com team</p>\n                                            </td>\n                                        </tr>\n                                    \n                                </table>\n                            </td>\n                        </tr>\n                    </table>\n                </div>\n            </td>\n            <td></td>\n        </tr>\n    </table>\n\n    </body>\n</html>", "date_sent": "2022-11-23T04:19:17.872Z"}}, {"model": "communication.email", "pk": 12, "fields": {"user": 7, "email": "sayone@gmail.com", "subject": "Confirmation of order 100017", "body_text": "Hello,\n\nWe are pleased to confirm your order 100017 has been received and\nwill be processed shortly.\n\nYour order contains:\n\n * In Five Years: A Novel - quantity: 1 - price: 300.00\n\nCart total: 300.00\nShipping: 0.00\nOrder Total: 300.00\n\nShipping address:\n\n  Mr Sree Sankar\n  Meloottu Veedu,Perayam, Mulavana (PO)\n  Meloottu Veedu,Perayam, Mulavana (PO)\n  Kollam\n  Kerala\n  691503\n  India\n\n\n\nYou can view the status of this order at the below URL:\nhttp://example.com/accounts/orders/100017/\n\n\nThe team\n", "body_html": "\n<!DOCTYPE html PUBLIC \"-//W3C//DTD XHTML 1.0 Transitional//EN\" \"http://www.w3.org/TR/xhtml1/DTD/xhtml1-transitional.dtd\">\n<html xmlns=\"http://www.w3.org/1999/xhtml\">\n    <head>\n        <meta name=\"viewport\" content=\"width=device-width\" />\n        <meta http-equiv=\"Content-Type\" content=\"text/html; charset=UTF-8\" />\n        <style>\n            * {\n              margin: 0;\n              font-family: \"Helvetica Neue\", Helvetica, Arial, sans-serif;\n              box-sizing: border-box;\n              font-size: 14px;\n            }\n\n            img {\n              max-width: 100%;\n            }\n\n            body {\n              -webkit-font-smoothing: antialiased;\n              -webkit-text-size-adjust: none;\n              width: 100% !important;\n              height: 100%;\n              line-height: 1.6em;\n            }\n\n            table td {\n              vertical-align: top;\n            }\n\n            body {\n              background-color: #f6f6f6;\n            }\n\n            .body-wrap {\n              background-color: #f6f6f6;\n              width: 100%;\n            }\n\n            .container {\n              display: block !important;\n              max-width: 600px !important;\n              margin: 0 auto !important;\n              clear: both !important;\n            }\n\n            .content {\n              max-width: 600px;\n              margin: 0 auto;\n              display: block;\n              padding: 20px;\n            }\n\n            .main {\n              background-color: #fff;\n              border: 1px solid #e9e9e9;\n              border-radius: 3px;\n            }\n\n            .content-wrap {\n              padding: 20px;\n            }\n\n            .content-block {\n              padding: 0 0 20px;\n            }\n\n            .header {\n              width: 100%;\n              margin-bottom: 20px;\n            }\n\n            .footer {\n              width: 100%;\n              clear: both;\n              color: #999;\n              padding: 20px;\n            }\n            .footer p, .footer a, .footer td {\n              color: #999;\n              font-size: 12px;\n            }\n\n            h1, h2, h3 {\n              font-family: \"Helvetica Neue\", Helvetica, Arial, \"Lucida Grande\", sans-serif;\n              color: #000;\n              margin: 40px 0 0;\n              line-height: 1.2em;\n              font-weight: 400;\n            }\n\n            h1 {\n              font-size: 32px;\n              font-weight: 500;\n            }\n\n            h2 {\n              font-size: 24px;\n            }\n\n            h3 {\n              font-size: 18px;\n            }\n\n            h4 {\n              font-size: 14px;\n              font-weight: 600;\n            }\n\n            p, ul, ol {\n              margin-bottom: 10px;\n              font-weight: normal;\n            }\n            p li, ul li, ol li {\n              margin-left: 5px;\n              list-style-position: inside;\n            }\n\n            a {\n              color: #348eda;\n              text-decoration: underline;\n            }\n\n            .btn-primary {\n              text-decoration: none;\n              color: #FFF;\n              background-color: #348eda;\n              border: solid #348eda;\n              border-width: 10px 20px;\n              line-height: 2em;\n              font-weight: bold;\n              text-align: center;\n              cursor: pointer;\n              display: inline-block;\n              border-radius: 5px;\n              text-transform: capitalize;\n            }\n\n            .last {\n              margin-bottom: 0;\n            }\n\n            .first {\n              margin-top: 0;\n            }\n\n            .aligncenter {\n              text-align: center;\n            }\n\n            .alignright {\n              text-align: right;\n            }\n\n            .alignleft {\n              text-align: left;\n            }\n\n            .clear {\n              clear: both;\n            }\n\n            .alert {\n              font-size: 16px;\n              color: #fff;\n              font-weight: 500;\n              padding: 20px;\n              text-align: center;\n              border-radius: 3px 3px 0 0;\n            }\n            .alert a {\n              color: #fff;\n              text-decoration: none;\n              font-weight: 500;\n              font-size: 16px;\n            }\n            .alert.alert-warning {\n              background-color: #FF9F00;\n            }\n            .alert.alert-bad {\n              background-color: #D0021B;\n            }\n            .alert.alert-good {\n              background-color: #68B90F;\n            }\n\n            .invoice {\n              margin: 40px auto;\n              text-align: left;\n              width: 80%;\n            }\n            .order {\n              text-align: left;\n              width: 100%;\n            }\n            .invoice td, .order td {\n              padding: 5px 0;\n            }\n            .invoice .invoice-items, .order .order-items {\n              width: 100%;\n            }\n            .invoice .invoice-items td, .order .order-items td {\n              border-top: #eee 1px solid;\n            }\n            .invoice .invoice-items .total td, .order .order-items .total td {\n              border-top: 2px solid #333;\n              border-bottom: 2px solid #333;\n              font-weight: 700;\n            }\n\n            @media only screen and (max-width: 640px) {\n              body {\n                padding: 0 !important;\n              }\n\n              h1, h2, h3, h4 {\n                font-weight: 800 !important;\n                margin: 20px 0 5px !important;\n              }\n\n              h1 {\n                font-size: 22px !important;\n              }\n\n              h2 {\n                font-size: 18px !important;\n              }\n\n              h3 {\n                font-size: 16px !important;\n              }\n\n              .container {\n                padding: 0 !important;\n                width: 100% !important;\n              }\n\n              .content {\n                padding: 0 !important;\n              }\n\n              .content-wrap {\n                padding: 10px !important;\n              }\n\n              .invoice {\n                width: 100% !important;\n              }\n\n              .order {\n                width: 100% !important;\n              }\n            }\n\n        </style>\n    </head>\n\n    <body itemscope itemtype=\"http://schema.org/EmailMessage\">\n\n    <table class=\"body-wrap\">\n        <tr>\n            <td></td>\n            <td class=\"container\" width=\"600\">\n                <div class=\"content\">\n                    <table class=\"main\" width=\"100%\" cellpadding=\"0\" cellspacing=\"0\" itemprop=\"action\" itemscope itemtype=\"http://schema.org/ConfirmAction\">\n                        <tr>\n                            <td class=\"content-wrap\">\n                                <table width=\"100%\" cellpadding=\"0\" cellspacing=\"0\">\n                                    \n                                    \n<tr>\n    <td class=\"content-block\">\n        <p xmlns=\"http://www.w3.org/1999/html\">Hello,</p>\n        <p>We are pleased to confirm your order 100017 has been received and\n        will be processed shortly.</p>\n    </td>\n</tr>\n\n<tr>\n    <td class=\"content-block\">\n        <table class=\"order\">\n            <tbody><tr>\n                <td>Your order contains:</td>\n            </tr>\n            <tr>\n                <td>\n                    <table class=\"order-items\" cellpadding=\"0\" cellspacing=\"0\">\n                        <tbody>\n                            \n                                <tr>\n                                    <td>In Five Years: A Novel &times; 1</td>\n                                    <td class=\"alignright\">300.00</td>\n                                </tr>\n                            \n                            <tr>\n                                <td class=\"alignright\">Cart total:</td>\n                                <td class=\"alignright\">300.00</td>\n                            </tr>\n                            <tr>\n                                <td class=\"alignright\">Shipping:</td>\n                                <td class=\"alignright\">0.00</td>\n                            </tr>\n                            <tr class=\"total\">\n                                <td class=\"alignright\" width=\"80%\">Order Total:</td>\n                                <td class=\"alignright\">300.00</td>\n                            </tr>\n                        </tbody>\n                    </table>\n                </td>\n            </tr>\n        </tbody></table>\n    </td>\n</tr>\n\n<tr>\n    <td class=\"content-block\">\n        <p>Shipping address:</p>\n        <p>  Mr Sree Sankar<br/>\n          Meloottu Veedu,Perayam, Mulavana (PO)<br/>\n          Meloottu Veedu,Perayam, Mulavana (PO)<br/>\n          Kollam<br/>\n          Kerala<br/>\n          691503<br/>\n          India<br/>\n        </p>\n    </td>\n</tr>\n\n\n    <tr>\n        <td class=\"content-block\">\n            You can view the status of this order by clicking <a href=\"http://example.com/accounts/orders/100017/\" title=\"order status\">here</a>\n        </td>\n    </tr>\n\n\n\n                                    \n                                        <tr>\n                                            <td class=\"content-block\">\n                                                <p>Thanks for using our site!</p>\n                                                <p>The example.com team</p>\n                                            </td>\n                                        </tr>\n                                    \n                                </table>\n                            </td>\n                        </tr>\n                    </table>\n                </div>\n            </td>\n            <td></td>\n        </tr>\n    </table>\n\n    </body>\n</html>", "date_sent": "2022-11-23T05:15:30.655Z"}}, {"model": "communication.email", "pk": 13, "fields": {"user": 7, "email": "sayone@gmail.com", "subject": "Confirmation of order 100018", "body_text": "Hello,\n\nWe are pleased to confirm your order 100018 has been received and\nwill be processed shortly.\n\nYour order contains:\n\n * 2021 Apple 10.2-inch (25.91 cm) - quantity: 1 - price: 29,000.00\n\nCart total: 29,000.00\nShipping: 0.00\nOrder Total: 29,000.00\n\nShipping address:\n\n  Mr Sree Sankar\n  Meloottu Veedu,Perayam, Mulavana (PO)\n  Meloottu Veedu,Perayam, Mulavana (PO)\n  Kollam\n  Kerala\n  691503\n  India\n\n\n\nYou can view the status of this order at the below URL:\nhttp://example.com/accounts/orders/100018/\n\n\nThe team\n", "body_html": "\n<!DOCTYPE html PUBLIC \"-//W3C//DTD XHTML 1.0 Transitional//EN\" \"http://www.w3.org/TR/xhtml1/DTD/xhtml1-transitional.dtd\">\n<html xmlns=\"http://www.w3.org/1999/xhtml\">\n    <head>\n        <meta name=\"viewport\" content=\"width=device-width\" />\n        <meta http-equiv=\"Content-Type\" content=\"text/html; charset=UTF-8\" />\n        <style>\n            * {\n              margin: 0;\n              font-family: \"Helvetica Neue\", Helvetica, Arial, sans-serif;\n              box-sizing: border-box;\n              font-size: 14px;\n            }\n\n            img {\n              max-width: 100%;\n            }\n\n            body {\n              -webkit-font-smoothing: antialiased;\n              -webkit-text-size-adjust: none;\n              width: 100% !important;\n              height: 100%;\n              line-height: 1.6em;\n            }\n\n            table td {\n              vertical-align: top;\n            }\n\n            body {\n              background-color: #f6f6f6;\n            }\n\n            .body-wrap {\n              background-color: #f6f6f6;\n              width: 100%;\n            }\n\n            .container {\n              display: block !important;\n              max-width: 600px !important;\n              margin: 0 auto !important;\n              clear: both !important;\n            }\n\n            .content {\n              max-width: 600px;\n              margin: 0 auto;\n              display: block;\n              padding: 20px;\n            }\n\n            .main {\n              background-color: #fff;\n              border: 1px solid #e9e9e9;\n              border-radius: 3px;\n            }\n\n            .content-wrap {\n              padding: 20px;\n            }\n\n            .content-block {\n              padding: 0 0 20px;\n            }\n\n            .header {\n              width: 100%;\n              margin-bottom: 20px;\n            }\n\n            .footer {\n              width: 100%;\n              clear: both;\n              color: #999;\n              padding: 20px;\n            }\n            .footer p, .footer a, .footer td {\n              color: #999;\n              font-size: 12px;\n            }\n\n            h1, h2, h3 {\n              font-family: \"Helvetica Neue\", Helvetica, Arial, \"Lucida Grande\", sans-serif;\n              color: #000;\n              margin: 40px 0 0;\n              line-height: 1.2em;\n              font-weight: 400;\n            }\n\n            h1 {\n              font-size: 32px;\n              font-weight: 500;\n            }\n\n            h2 {\n              font-size: 24px;\n            }\n\n            h3 {\n              font-size: 18px;\n            }\n\n            h4 {\n              font-size: 14px;\n              font-weight: 600;\n            }\n\n            p, ul, ol {\n              margin-bottom: 10px;\n              font-weight: normal;\n            }\n            p li, ul li, ol li {\n              margin-left: 5px;\n              list-style-position: inside;\n            }\n\n            a {\n              color: #348eda;\n              text-decoration: underline;\n            }\n\n            .btn-primary {\n              text-decoration: none;\n              color: #FFF;\n              background-color: #348eda;\n              border: solid #348eda;\n              border-width: 10px 20px;\n              line-height: 2em;\n              font-weight: bold;\n              text-align: center;\n              cursor: pointer;\n              display: inline-block;\n              border-radius: 5px;\n              text-transform: capitalize;\n            }\n\n            .last {\n              margin-bottom: 0;\n            }\n\n            .first {\n              margin-top: 0;\n            }\n\n            .aligncenter {\n              text-align: center;\n            }\n\n            .alignright {\n              text-align: right;\n            }\n\n            .alignleft {\n              text-align: left;\n            }\n\n            .clear {\n              clear: both;\n            }\n\n            .alert {\n              font-size: 16px;\n              color: #fff;\n              font-weight: 500;\n              padding: 20px;\n              text-align: center;\n              border-radius: 3px 3px 0 0;\n            }\n            .alert a {\n              color: #fff;\n              text-decoration: none;\n              font-weight: 500;\n              font-size: 16px;\n            }\n            .alert.alert-warning {\n              background-color: #FF9F00;\n            }\n            .alert.alert-bad {\n              background-color: #D0021B;\n            }\n            .alert.alert-good {\n              background-color: #68B90F;\n            }\n\n            .invoice {\n              margin: 40px auto;\n              text-align: left;\n              width: 80%;\n            }\n            .order {\n              text-align: left;\n              width: 100%;\n            }\n            .invoice td, .order td {\n              padding: 5px 0;\n            }\n            .invoice .invoice-items, .order .order-items {\n              width: 100%;\n            }\n            .invoice .invoice-items td, .order .order-items td {\n              border-top: #eee 1px solid;\n            }\n            .invoice .invoice-items .total td, .order .order-items .total td {\n              border-top: 2px solid #333;\n              border-bottom: 2px solid #333;\n              font-weight: 700;\n            }\n\n            @media only screen and (max-width: 640px) {\n              body {\n                padding: 0 !important;\n              }\n\n              h1, h2, h3, h4 {\n                font-weight: 800 !important;\n                margin: 20px 0 5px !important;\n              }\n\n              h1 {\n                font-size: 22px !important;\n              }\n\n              h2 {\n                font-size: 18px !important;\n              }\n\n              h3 {\n                font-size: 16px !important;\n              }\n\n              .container {\n                padding: 0 !important;\n                width: 100% !important;\n              }\n\n              .content {\n                padding: 0 !important;\n              }\n\n              .content-wrap {\n                padding: 10px !important;\n              }\n\n              .invoice {\n                width: 100% !important;\n              }\n\n              .order {\n                width: 100% !important;\n              }\n            }\n\n        </style>\n    </head>\n\n    <body itemscope itemtype=\"http://schema.org/EmailMessage\">\n\n    <table class=\"body-wrap\">\n        <tr>\n            <td></td>\n            <td class=\"container\" width=\"600\">\n                <div class=\"content\">\n                    <table class=\"main\" width=\"100%\" cellpadding=\"0\" cellspacing=\"0\" itemprop=\"action\" itemscope itemtype=\"http://schema.org/ConfirmAction\">\n                        <tr>\n                            <td class=\"content-wrap\">\n                                <table width=\"100%\" cellpadding=\"0\" cellspacing=\"0\">\n                                    \n                                    \n<tr>\n    <td class=\"content-block\">\n        <p xmlns=\"http://www.w3.org/1999/html\">Hello,</p>\n        <p>We are pleased to confirm your order 100018 has been received and\n        will be processed shortly.</p>\n    </td>\n</tr>\n\n<tr>\n    <td class=\"content-block\">\n        <table class=\"order\">\n            <tbody><tr>\n                <td>Your order contains:</td>\n            </tr>\n            <tr>\n                <td>\n                    <table class=\"order-items\" cellpadding=\"0\" cellspacing=\"0\">\n                        <tbody>\n                            \n                                <tr>\n                                    <td>2021 Apple 10.2-inch (25.91 cm) &times; 1</td>\n                                    <td class=\"alignright\">29,000.00</td>\n                                </tr>\n                            \n                            <tr>\n                                <td class=\"alignright\">Cart total:</td>\n                                <td class=\"alignright\">29,000.00</td>\n                            </tr>\n                            <tr>\n                                <td class=\"alignright\">Shipping:</td>\n                                <td class=\"alignright\">0.00</td>\n                            </tr>\n                            <tr class=\"total\">\n                                <td class=\"alignright\" width=\"80%\">Order Total:</td>\n                                <td class=\"alignright\">29,000.00</td>\n                            </tr>\n                        </tbody>\n                    </table>\n                </td>\n            </tr>\n        </tbody></table>\n    </td>\n</tr>\n\n<tr>\n    <td class=\"content-block\">\n        <p>Shipping address:</p>\n        <p>  Mr Sree Sankar<br/>\n          Meloottu Veedu,Perayam, Mulavana (PO)<br/>\n          Meloottu Veedu,Perayam, Mulavana (PO)<br/>\n          Kollam<br/>\n          Kerala<br/>\n          691503<br/>\n          India<br/>\n        </p>\n    </td>\n</tr>\n\n\n    <tr>\n        <td class=\"content-block\">\n            You can view the status of this order by clicking <a href=\"http://example.com/accounts/orders/100018/\" title=\"order status\">here</a>\n        </td>\n    </tr>\n\n\n\n                                    \n                                        <tr>\n                                            <td class=\"content-block\">\n                                                <p>Thanks for using our site!</p>\n                                                <p>The example.com team</p>\n                                            </td>\n                                        </tr>\n                                    \n                                </table>\n                            </td>\n                        </tr>\n                    </table>\n                </div>\n            </td>\n            <td></td>\n        </tr>\n    </table>\n\n    </body>\n</html>", "date_sent": "2022-11-23T05:24:02.989Z"}}, {"model": "communication.email", "pk": 14, "fields": {"user": 7, "email": "sayone@gmail.com", "subject": "Confirmation of order 100019", "body_text": "Hello,\n\nWe are pleased to confirm your order 100019 has been received and\nwill be processed shortly.\n\nYour order contains:\n\n * Samsung Galaxy S20 FE 5G - quantity: 3 - price: 104,970.00\n\nCart total: 104,970.00\nShipping: 0.00\nOrder Total: 104,970.00\n\nShipping address:\n\n  Mr Sree Sankar\n  Meloottu Veedu,Perayam, Mulavana (PO)\n  Meloottu Veedu,Perayam, Mulavana (PO)\n  Kollam\n  Kerala\n  691503\n  India\n\n\n\nYou can view the status of this order at the below URL:\nhttp://example.com/accounts/orders/100019/\n\n\nThe team\n", "body_html": "\n<!DOCTYPE html PUBLIC \"-//W3C//DTD XHTML 1.0 Transitional//EN\" \"http://www.w3.org/TR/xhtml1/DTD/xhtml1-transitional.dtd\">\n<html xmlns=\"http://www.w3.org/1999/xhtml\">\n    <head>\n        <meta name=\"viewport\" content=\"width=device-width\" />\n        <meta http-equiv=\"Content-Type\" content=\"text/html; charset=UTF-8\" />\n        <style>\n            * {\n              margin: 0;\n              font-family: \"Helvetica Neue\", Helvetica, Arial, sans-serif;\n              box-sizing: border-box;\n              font-size: 14px;\n            }\n\n            img {\n              max-width: 100%;\n            }\n\n            body {\n              -webkit-font-smoothing: antialiased;\n              -webkit-text-size-adjust: none;\n              width: 100% !important;\n              height: 100%;\n              line-height: 1.6em;\n            }\n\n            table td {\n              vertical-align: top;\n            }\n\n            body {\n              background-color: #f6f6f6;\n            }\n\n            .body-wrap {\n              background-color: #f6f6f6;\n              width: 100%;\n            }\n\n            .container {\n              display: block !important;\n              max-width: 600px !important;\n              margin: 0 auto !important;\n              clear: both !important;\n            }\n\n            .content {\n              max-width: 600px;\n              margin: 0 auto;\n              display: block;\n              padding: 20px;\n            }\n\n            .main {\n              background-color: #fff;\n              border: 1px solid #e9e9e9;\n              border-radius: 3px;\n            }\n\n            .content-wrap {\n              padding: 20px;\n            }\n\n            .content-block {\n              padding: 0 0 20px;\n            }\n\n            .header {\n              width: 100%;\n              margin-bottom: 20px;\n            }\n\n            .footer {\n              width: 100%;\n              clear: both;\n              color: #999;\n              padding: 20px;\n            }\n            .footer p, .footer a, .footer td {\n              color: #999;\n              font-size: 12px;\n            }\n\n            h1, h2, h3 {\n              font-family: \"Helvetica Neue\", Helvetica, Arial, \"Lucida Grande\", sans-serif;\n              color: #000;\n              margin: 40px 0 0;\n              line-height: 1.2em;\n              font-weight: 400;\n            }\n\n            h1 {\n              font-size: 32px;\n              font-weight: 500;\n            }\n\n            h2 {\n              font-size: 24px;\n            }\n\n            h3 {\n              font-size: 18px;\n            }\n\n            h4 {\n              font-size: 14px;\n              font-weight: 600;\n            }\n\n            p, ul, ol {\n              margin-bottom: 10px;\n              font-weight: normal;\n            }\n            p li, ul li, ol li {\n              margin-left: 5px;\n              list-style-position: inside;\n            }\n\n            a {\n              color: #348eda;\n              text-decoration: underline;\n            }\n\n            .btn-primary {\n              text-decoration: none;\n              color: #FFF;\n              background-color: #348eda;\n              border: solid #348eda;\n              border-width: 10px 20px;\n              line-height: 2em;\n              font-weight: bold;\n              text-align: center;\n              cursor: pointer;\n              display: inline-block;\n              border-radius: 5px;\n              text-transform: capitalize;\n            }\n\n            .last {\n              margin-bottom: 0;\n            }\n\n            .first {\n              margin-top: 0;\n            }\n\n            .aligncenter {\n              text-align: center;\n            }\n\n            .alignright {\n              text-align: right;\n            }\n\n            .alignleft {\n              text-align: left;\n            }\n\n            .clear {\n              clear: both;\n            }\n\n            .alert {\n              font-size: 16px;\n              color: #fff;\n              font-weight: 500;\n              padding: 20px;\n              text-align: center;\n              border-radius: 3px 3px 0 0;\n            }\n            .alert a {\n              color: #fff;\n              text-decoration: none;\n              font-weight: 500;\n              font-size: 16px;\n            }\n            .alert.alert-warning {\n              background-color: #FF9F00;\n            }\n            .alert.alert-bad {\n              background-color: #D0021B;\n            }\n            .alert.alert-good {\n              background-color: #68B90F;\n            }\n\n            .invoice {\n              margin: 40px auto;\n              text-align: left;\n              width: 80%;\n            }\n            .order {\n              text-align: left;\n              width: 100%;\n            }\n            .invoice td, .order td {\n              padding: 5px 0;\n            }\n            .invoice .invoice-items, .order .order-items {\n              width: 100%;\n            }\n            .invoice .invoice-items td, .order .order-items td {\n              border-top: #eee 1px solid;\n            }\n            .invoice .invoice-items .total td, .order .order-items .total td {\n              border-top: 2px solid #333;\n              border-bottom: 2px solid #333;\n              font-weight: 700;\n            }\n\n            @media only screen and (max-width: 640px) {\n              body {\n                padding: 0 !important;\n              }\n\n              h1, h2, h3, h4 {\n                font-weight: 800 !important;\n                margin: 20px 0 5px !important;\n              }\n\n              h1 {\n                font-size: 22px !important;\n              }\n\n              h2 {\n                font-size: 18px !important;\n              }\n\n              h3 {\n                font-size: 16px !important;\n              }\n\n              .container {\n                padding: 0 !important;\n                width: 100% !important;\n              }\n\n              .content {\n                padding: 0 !important;\n              }\n\n              .content-wrap {\n                padding: 10px !important;\n              }\n\n              .invoice {\n                width: 100% !important;\n              }\n\n              .order {\n                width: 100% !important;\n              }\n            }\n\n        </style>\n    </head>\n\n    <body itemscope itemtype=\"http://schema.org/EmailMessage\">\n\n    <table class=\"body-wrap\">\n        <tr>\n            <td></td>\n            <td class=\"container\" width=\"600\">\n                <div class=\"content\">\n                    <table class=\"main\" width=\"100%\" cellpadding=\"0\" cellspacing=\"0\" itemprop=\"action\" itemscope itemtype=\"http://schema.org/ConfirmAction\">\n                        <tr>\n                            <td class=\"content-wrap\">\n                                <table width=\"100%\" cellpadding=\"0\" cellspacing=\"0\">\n                                    \n                                    \n<tr>\n    <td class=\"content-block\">\n        <p xmlns=\"http://www.w3.org/1999/html\">Hello,</p>\n        <p>We are pleased to confirm your order 100019 has been received and\n        will be processed shortly.</p>\n    </td>\n</tr>\n\n<tr>\n    <td class=\"content-block\">\n        <table class=\"order\">\n            <tbody><tr>\n                <td>Your order contains:</td>\n            </tr>\n            <tr>\n                <td>\n                    <table class=\"order-items\" cellpadding=\"0\" cellspacing=\"0\">\n                        <tbody>\n                            \n                                <tr>\n                                    <td>Samsung Galaxy S20 FE 5G &times; 3</td>\n                                    <td class=\"alignright\">104,970.00</td>\n                                </tr>\n                            \n                            <tr>\n                                <td class=\"alignright\">Cart total:</td>\n                                <td class=\"alignright\">104,970.00</td>\n                            </tr>\n                            <tr>\n                                <td class=\"alignright\">Shipping:</td>\n                                <td class=\"alignright\">0.00</td>\n                            </tr>\n                            <tr class=\"total\">\n                                <td class=\"alignright\" width=\"80%\">Order Total:</td>\n                                <td class=\"alignright\">104,970.00</td>\n                            </tr>\n                        </tbody>\n                    </table>\n                </td>\n            </tr>\n        </tbody></table>\n    </td>\n</tr>\n\n<tr>\n    <td class=\"content-block\">\n        <p>Shipping address:</p>\n        <p>  Mr Sree Sankar<br/>\n          Meloottu Veedu,Perayam, Mulavana (PO)<br/>\n          Meloottu Veedu,Perayam, Mulavana (PO)<br/>\n          Kollam<br/>\n          Kerala<br/>\n          691503<br/>\n          India<br/>\n        </p>\n    </td>\n</tr>\n\n\n    <tr>\n        <td class=\"content-block\">\n            You can view the status of this order by clicking <a href=\"http://example.com/accounts/orders/100019/\" title=\"order status\">here</a>\n        </td>\n    </tr>\n\n\n\n                                    \n                                        <tr>\n                                            <td class=\"content-block\">\n                                                <p>Thanks for using our site!</p>\n                                                <p>The example.com team</p>\n                                            </td>\n                                        </tr>\n                                    \n                                </table>\n                            </td>\n                        </tr>\n                    </table>\n                </div>\n            </td>\n            <td></td>\n        </tr>\n    </table>\n\n    </body>\n</html>", "date_sent": "2022-11-23T05:47:02.888Z"}}, {"model": "communication.email", "pk": 15, "fields": {"user": 8, "email": "admin@gmail.com", "subject": "Thank you for registering.", "body_text": "Thank you for registering.", "body_html": "<p>Thank you for registering.</p>", "date_sent": "2022-11-23T06:08:53.626Z"}}, {"model": "communication.email", "pk": 16, "fields": {"user": 9, "email": "sreesankar36@gmail.com", "subject": "Confirmation of order 100022", "body_text": "Hello,\n\nWe are pleased to confirm your order 100022 has been received and\nwill be processed shortly.\n\nYour order contains:\n\n * 2021 Apple 10.2-inch (25.91 cm) - quantity: 1 - price: 29,000.00\n * Mi Notebook Pro QHD+ IPS Anti-Glare Display - quantity: 1 - price: 54,999.00\n\nCart total: 83,999.00\nShipping: 0.00\nOrder Total: 83,999.00\n\nShipping address:\n\n  Mr Sree Sankar\n  Meloottu Veedu,Perayam, Mulavana (PO)\n  Meloottu Veedu,Perayam, Mulavana (PO)\n  Kollam\n  Kerala\n  691503\n  India\n\n\n\nYou can view the status of this order at the below URL:\nhttp://example.com/accounts/orders/100022/\n\n\nThe team\n", "body_html": "\n<!DOCTYPE html PUBLIC \"-//W3C//DTD XHTML 1.0 Transitional//EN\" \"http://www.w3.org/TR/xhtml1/DTD/xhtml1-transitional.dtd\">\n<html xmlns=\"http://www.w3.org/1999/xhtml\">\n    <head>\n        <meta name=\"viewport\" content=\"width=device-width\" />\n        <meta http-equiv=\"Content-Type\" content=\"text/html; charset=UTF-8\" />\n        <style>\n            * {\n              margin: 0;\n              font-family: \"Helvetica Neue\", Helvetica, Arial, sans-serif;\n              box-sizing: border-box;\n              font-size: 14px;\n            }\n\n            img {\n              max-width: 100%;\n            }\n\n            body {\n              -webkit-font-smoothing: antialiased;\n              -webkit-text-size-adjust: none;\n              width: 100% !important;\n              height: 100%;\n              line-height: 1.6em;\n            }\n\n            table td {\n              vertical-align: top;\n            }\n\n            body {\n              background-color: #f6f6f6;\n            }\n\n            .body-wrap {\n              background-color: #f6f6f6;\n              width: 100%;\n            }\n\n            .container {\n              display: block !important;\n              max-width: 600px !important;\n              margin: 0 auto !important;\n              clear: both !important;\n            }\n\n            .content {\n              max-width: 600px;\n              margin: 0 auto;\n              display: block;\n              padding: 20px;\n            }\n\n            .main {\n              background-color: #fff;\n              border: 1px solid #e9e9e9;\n              border-radius: 3px;\n            }\n\n            .content-wrap {\n              padding: 20px;\n            }\n\n            .content-block {\n              padding: 0 0 20px;\n            }\n\n            .header {\n              width: 100%;\n              margin-bottom: 20px;\n            }\n\n            .footer {\n              width: 100%;\n              clear: both;\n              color: #999;\n              padding: 20px;\n            }\n            .footer p, .footer a, .footer td {\n              color: #999;\n              font-size: 12px;\n            }\n\n            h1, h2, h3 {\n              font-family: \"Helvetica Neue\", Helvetica, Arial, \"Lucida Grande\", sans-serif;\n              color: #000;\n              margin: 40px 0 0;\n              line-height: 1.2em;\n              font-weight: 400;\n            }\n\n            h1 {\n              font-size: 32px;\n              font-weight: 500;\n            }\n\n            h2 {\n              font-size: 24px;\n            }\n\n            h3 {\n              font-size: 18px;\n            }\n\n            h4 {\n              font-size: 14px;\n              font-weight: 600;\n            }\n\n            p, ul, ol {\n              margin-bottom: 10px;\n              font-weight: normal;\n            }\n            p li, ul li, ol li {\n              margin-left: 5px;\n              list-style-position: inside;\n            }\n\n            a {\n              color: #348eda;\n              text-decoration: underline;\n            }\n\n            .btn-primary {\n              text-decoration: none;\n              color: #FFF;\n              background-color: #348eda;\n              border: solid #348eda;\n              border-width: 10px 20px;\n              line-height: 2em;\n              font-weight: bold;\n              text-align: center;\n              cursor: pointer;\n              display: inline-block;\n              border-radius: 5px;\n              text-transform: capitalize;\n            }\n\n            .last {\n              margin-bottom: 0;\n            }\n\n            .first {\n              margin-top: 0;\n            }\n\n            .aligncenter {\n              text-align: center;\n            }\n\n            .alignright {\n              text-align: right;\n            }\n\n            .alignleft {\n              text-align: left;\n            }\n\n            .clear {\n              clear: both;\n            }\n\n            .alert {\n              font-size: 16px;\n              color: #fff;\n              font-weight: 500;\n              padding: 20px;\n              text-align: center;\n              border-radius: 3px 3px 0 0;\n            }\n            .alert a {\n              color: #fff;\n              text-decoration: none;\n              font-weight: 500;\n              font-size: 16px;\n            }\n            .alert.alert-warning {\n              background-color: #FF9F00;\n            }\n            .alert.alert-bad {\n              background-color: #D0021B;\n            }\n            .alert.alert-good {\n              background-color: #68B90F;\n            }\n\n            .invoice {\n              margin: 40px auto;\n              text-align: left;\n              width: 80%;\n            }\n            .order {\n              text-align: left;\n              width: 100%;\n            }\n            .invoice td, .order td {\n              padding: 5px 0;\n            }\n            .invoice .invoice-items, .order .order-items {\n              width: 100%;\n            }\n            .invoice .invoice-items td, .order .order-items td {\n              border-top: #eee 1px solid;\n            }\n            .invoice .invoice-items .total td, .order .order-items .total td {\n              border-top: 2px solid #333;\n              border-bottom: 2px solid #333;\n              font-weight: 700;\n            }\n\n            @media only screen and (max-width: 640px) {\n              body {\n                padding: 0 !important;\n              }\n\n              h1, h2, h3, h4 {\n                font-weight: 800 !important;\n                margin: 20px 0 5px !important;\n              }\n\n              h1 {\n                font-size: 22px !important;\n              }\n\n              h2 {\n                font-size: 18px !important;\n              }\n\n              h3 {\n                font-size: 16px !important;\n              }\n\n              .container {\n                padding: 0 !important;\n                width: 100% !important;\n              }\n\n              .content {\n                padding: 0 !important;\n              }\n\n              .content-wrap {\n                padding: 10px !important;\n              }\n\n              .invoice {\n                width: 100% !important;\n              }\n\n              .order {\n                width: 100% !important;\n              }\n            }\n\n        </style>\n    </head>\n\n    <body itemscope itemtype=\"http://schema.org/EmailMessage\">\n\n    <table class=\"body-wrap\">\n        <tr>\n            <td></td>\n            <td class=\"container\" width=\"600\">\n                <div class=\"content\">\n                    <table class=\"main\" width=\"100%\" cellpadding=\"0\" cellspacing=\"0\" itemprop=\"action\" itemscope itemtype=\"http://schema.org/ConfirmAction\">\n                        <tr>\n                            <td class=\"content-wrap\">\n                                <table width=\"100%\" cellpadding=\"0\" cellspacing=\"0\">\n                                    \n                                    \n<tr>\n    <td class=\"content-block\">\n        <p xmlns=\"http://www.w3.org/1999/html\">Hello,</p>\n        <p>We are pleased to confirm your order 100022 has been received and\n        will be processed shortly.</p>\n    </td>\n</tr>\n\n<tr>\n    <td class=\"content-block\">\n        <table class=\"order\">\n            <tbody><tr>\n                <td>Your order contains:</td>\n            </tr>\n            <tr>\n                <td>\n                    <table class=\"order-items\" cellpadding=\"0\" cellspacing=\"0\">\n                        <tbody>\n                            \n                                <tr>\n                                    <td>2021 Apple 10.2-inch (25.91 cm) &times; 1</td>\n                                    <td class=\"alignright\">29,000.00</td>\n                                </tr>\n                            \n                                <tr>\n                                    <td>Mi Notebook Pro QHD+ IPS Anti-Glare Display &times; 1</td>\n                                    <td class=\"alignright\">54,999.00</td>\n                                </tr>\n                            \n                            <tr>\n                                <td class=\"alignright\">Cart total:</td>\n                                <td class=\"alignright\">83,999.00</td>\n                            </tr>\n                            <tr>\n                                <td class=\"alignright\">Shipping:</td>\n                                <td class=\"alignright\">0.00</td>\n                            </tr>\n                            <tr class=\"total\">\n                                <td class=\"alignright\" width=\"80%\">Order Total:</td>\n                                <td class=\"alignright\">83,999.00</td>\n                            </tr>\n                        </tbody>\n                    </table>\n                </td>\n            </tr>\n        </tbody></table>\n    </td>\n</tr>\n\n<tr>\n    <td class=\"content-block\">\n        <p>Shipping address:</p>\n        <p>  Mr Sree Sankar<br/>\n          Meloottu Veedu,Perayam, Mulavana (PO)<br/>\n          Meloottu Veedu,Perayam, Mulavana (PO)<br/>\n          Kollam<br/>\n          Kerala<br/>\n          691503<br/>\n          India<br/>\n        </p>\n    </td>\n</tr>\n\n\n    <tr>\n        <td class=\"content-block\">\n            You can view the status of this order by clicking <a href=\"http://example.com/accounts/orders/100022/\" title=\"order status\">here</a>\n        </td>\n    </tr>\n\n\n\n                                    \n                                        <tr>\n                                            <td class=\"content-block\">\n                                                <p>Thanks for using our site!</p>\n                                                <p>The example.com team</p>\n                                            </td>\n                                        </tr>\n                                    \n                                </table>\n                            </td>\n                        </tr>\n                    </table>\n                </div>\n            </td>\n            <td></td>\n        </tr>\n    </table>\n\n    </body>\n</html>", "date_sent": "2022-11-23T11:26:21.684Z"}}, {"model": "communication.email", "pk": 17, "fields": {"user": 9, "email": "sreesankar36@gmail.com", "subject": "Confirmation of order 100023", "body_text": "Hello,\n\nWe are pleased to confirm your order 100023 has been received and\nwill be processed shortly.\n\nYour order contains:\n\n * 2021 Apple 10.2-inch (25.91 cm) - quantity: 1 - price: 29,000.00\n\nCart total: 29,000.00\nShipping: 0.00\nOrder Total: 29,000.00\n\nShipping address:\n\n  Mr Sree Sankar\n  Meloottu Veedu,Perayam, Mulavana (PO)\n  Meloottu Veedu,Perayam, Mulavana (PO)\n  Kollam\n  Kerala\n  691503\n  India\n\n\n\nYou can view the status of this order at the below URL:\nhttp://example.com/accounts/orders/100023/\n\n\nThe team\n", "body_html": "\n<!DOCTYPE html PUBLIC \"-//W3C//DTD XHTML 1.0 Transitional//EN\" \"http://www.w3.org/TR/xhtml1/DTD/xhtml1-transitional.dtd\">\n<html xmlns=\"http://www.w3.org/1999/xhtml\">\n    <head>\n        <meta name=\"viewport\" content=\"width=device-width\" />\n        <meta http-equiv=\"Content-Type\" content=\"text/html; charset=UTF-8\" />\n        <style>\n            * {\n              margin: 0;\n              font-family: \"Helvetica Neue\", Helvetica, Arial, sans-serif;\n              box-sizing: border-box;\n              font-size: 14px;\n            }\n\n            img {\n              max-width: 100%;\n            }\n\n            body {\n              -webkit-font-smoothing: antialiased;\n              -webkit-text-size-adjust: none;\n              width: 100% !important;\n              height: 100%;\n              line-height: 1.6em;\n            }\n\n            table td {\n              vertical-align: top;\n            }\n\n            body {\n              background-color: #f6f6f6;\n            }\n\n            .body-wrap {\n              background-color: #f6f6f6;\n              width: 100%;\n            }\n\n            .container {\n              display: block !important;\n              max-width: 600px !important;\n              margin: 0 auto !important;\n              clear: both !important;\n            }\n\n            .content {\n              max-width: 600px;\n              margin: 0 auto;\n              display: block;\n              padding: 20px;\n            }\n\n            .main {\n              background-color: #fff;\n              border: 1px solid #e9e9e9;\n              border-radius: 3px;\n            }\n\n            .content-wrap {\n              padding: 20px;\n            }\n\n            .content-block {\n              padding: 0 0 20px;\n            }\n\n            .header {\n              width: 100%;\n              margin-bottom: 20px;\n            }\n\n            .footer {\n              width: 100%;\n              clear: both;\n              color: #999;\n              padding: 20px;\n            }\n            .footer p, .footer a, .footer td {\n              color: #999;\n              font-size: 12px;\n            }\n\n            h1, h2, h3 {\n              font-family: \"Helvetica Neue\", Helvetica, Arial, \"Lucida Grande\", sans-serif;\n              color: #000;\n              margin: 40px 0 0;\n              line-height: 1.2em;\n              font-weight: 400;\n            }\n\n            h1 {\n              font-size: 32px;\n              font-weight: 500;\n            }\n\n            h2 {\n              font-size: 24px;\n            }\n\n            h3 {\n              font-size: 18px;\n            }\n\n            h4 {\n              font-size: 14px;\n              font-weight: 600;\n            }\n\n            p, ul, ol {\n              margin-bottom: 10px;\n              font-weight: normal;\n            }\n            p li, ul li, ol li {\n              margin-left: 5px;\n              list-style-position: inside;\n            }\n\n            a {\n              color: #348eda;\n              text-decoration: underline;\n            }\n\n            .btn-primary {\n              text-decoration: none;\n              color: #FFF;\n              background-color: #348eda;\n              border: solid #348eda;\n              border-width: 10px 20px;\n              line-height: 2em;\n              font-weight: bold;\n              text-align: center;\n              cursor: pointer;\n              display: inline-block;\n              border-radius: 5px;\n              text-transform: capitalize;\n            }\n\n            .last {\n              margin-bottom: 0;\n            }\n\n            .first {\n              margin-top: 0;\n            }\n\n            .aligncenter {\n              text-align: center;\n            }\n\n            .alignright {\n              text-align: right;\n            }\n\n            .alignleft {\n              text-align: left;\n            }\n\n            .clear {\n              clear: both;\n            }\n\n            .alert {\n              font-size: 16px;\n              color: #fff;\n              font-weight: 500;\n              padding: 20px;\n              text-align: center;\n              border-radius: 3px 3px 0 0;\n            }\n            .alert a {\n              color: #fff;\n              text-decoration: none;\n              font-weight: 500;\n              font-size: 16px;\n            }\n            .alert.alert-warning {\n              background-color: #FF9F00;\n            }\n            .alert.alert-bad {\n              background-color: #D0021B;\n            }\n            .alert.alert-good {\n              background-color: #68B90F;\n            }\n\n            .invoice {\n              margin: 40px auto;\n              text-align: left;\n              width: 80%;\n            }\n            .order {\n              text-align: left;\n              width: 100%;\n            }\n            .invoice td, .order td {\n              padding: 5px 0;\n            }\n            .invoice .invoice-items, .order .order-items {\n              width: 100%;\n            }\n            .invoice .invoice-items td, .order .order-items td {\n              border-top: #eee 1px solid;\n            }\n            .invoice .invoice-items .total td, .order .order-items .total td {\n              border-top: 2px solid #333;\n              border-bottom: 2px solid #333;\n              font-weight: 700;\n            }\n\n            @media only screen and (max-width: 640px) {\n              body {\n                padding: 0 !important;\n              }\n\n              h1, h2, h3, h4 {\n                font-weight: 800 !important;\n                margin: 20px 0 5px !important;\n              }\n\n              h1 {\n                font-size: 22px !important;\n              }\n\n              h2 {\n                font-size: 18px !important;\n              }\n\n              h3 {\n                font-size: 16px !important;\n              }\n\n              .container {\n                padding: 0 !important;\n                width: 100% !important;\n              }\n\n              .content {\n                padding: 0 !important;\n              }\n\n              .content-wrap {\n                padding: 10px !important;\n              }\n\n              .invoice {\n                width: 100% !important;\n              }\n\n              .order {\n                width: 100% !important;\n              }\n            }\n\n        </style>\n    </head>\n\n    <body itemscope itemtype=\"http://schema.org/EmailMessage\">\n\n    <table class=\"body-wrap\">\n        <tr>\n            <td></td>\n            <td class=\"container\" width=\"600\">\n                <div class=\"content\">\n                    <table class=\"main\" width=\"100%\" cellpadding=\"0\" cellspacing=\"0\" itemprop=\"action\" itemscope itemtype=\"http://schema.org/ConfirmAction\">\n                        <tr>\n                            <td class=\"content-wrap\">\n                                <table width=\"100%\" cellpadding=\"0\" cellspacing=\"0\">\n                                    \n                                    \n<tr>\n    <td class=\"content-block\">\n        <p xmlns=\"http://www.w3.org/1999/html\">Hello,</p>\n        <p>We are pleased to confirm your order 100023 has been received and\n        will be processed shortly.</p>\n    </td>\n</tr>\n\n<tr>\n    <td class=\"content-block\">\n        <table class=\"order\">\n            <tbody><tr>\n                <td>Your order contains:</td>\n            </tr>\n            <tr>\n                <td>\n                    <table class=\"order-items\" cellpadding=\"0\" cellspacing=\"0\">\n                        <tbody>\n                            \n                                <tr>\n                                    <td>2021 Apple 10.2-inch (25.91 cm) &times; 1</td>\n                                    <td class=\"alignright\">29,000.00</td>\n                                </tr>\n                            \n                            <tr>\n                                <td class=\"alignright\">Cart total:</td>\n                                <td class=\"alignright\">29,000.00</td>\n                            </tr>\n                            <tr>\n                                <td class=\"alignright\">Shipping:</td>\n                                <td class=\"alignright\">0.00</td>\n                            </tr>\n                            <tr class=\"total\">\n                                <td class=\"alignright\" width=\"80%\">Order Total:</td>\n                                <td class=\"alignright\">29,000.00</td>\n                            </tr>\n                        </tbody>\n                    </table>\n                </td>\n            </tr>\n        </tbody></table>\n    </td>\n</tr>\n\n<tr>\n    <td class=\"content-block\">\n        <p>Shipping address:</p>\n        <p>  Mr Sree Sankar<br/>\n          Meloottu Veedu,Perayam, Mulavana (PO)<br/>\n          Meloottu Veedu,Perayam, Mulavana (PO)<br/>\n          Kollam<br/>\n          Kerala<br/>\n          691503<br/>\n          India<br/>\n        </p>\n    </td>\n</tr>\n\n\n    <tr>\n        <td class=\"content-block\">\n            You can view the status of this order by clicking <a href=\"http://example.com/accounts/orders/100023/\" title=\"order status\">here</a>\n        </td>\n    </tr>\n\n\n\n                                    \n                                        <tr>\n                                            <td class=\"content-block\">\n                                                <p>Thanks for using our site!</p>\n                                                <p>The example.com team</p>\n                                            </td>\n                                        </tr>\n                                    \n                                </table>\n                            </td>\n                        </tr>\n                    </table>\n                </div>\n            </td>\n            <td></td>\n        </tr>\n    </table>\n\n    </body>\n</html>", "date_sent": "2022-11-23T14:44:19.078Z"}}, {"model": "communication.email", "pk": 18, "fields": {"user": 9, "email": "sreesankar36@gmail.com", "subject": "Confirmation of order 100024", "body_text": "Hello,\n\nWe are pleased to confirm your order 100024 has been received and\nwill be processed shortly.\n\nYour order contains:\n\n * Mi Notebook Pro QHD+ IPS Anti-Glare Display - quantity: 1 - price: 54,999.00\n\nCart total: 54,999.00\nShipping: 0.00\nOrder Total: 54,999.00\n\nShipping address:\n\n  Mr Sree Sankar\n  Meloottu Veedu,Perayam, Mulavana (PO)\n  Meloottu Veedu,Perayam, Mulavana (PO)\n  Kollam\n  Kerala\n  691503\n  India\n\n\n\nYou can view the status of this order at the below URL:\nhttp://example.com/accounts/orders/100024/\n\n\nThe team\n", "body_html": "\n<!DOCTYPE html PUBLIC \"-//W3C//DTD XHTML 1.0 Transitional//EN\" \"http://www.w3.org/TR/xhtml1/DTD/xhtml1-transitional.dtd\">\n<html xmlns=\"http://www.w3.org/1999/xhtml\">\n    <head>\n        <meta name=\"viewport\" content=\"width=device-width\" />\n        <meta http-equiv=\"Content-Type\" content=\"text/html; charset=UTF-8\" />\n        <style>\n            * {\n              margin: 0;\n              font-family: \"Helvetica Neue\", Helvetica, Arial, sans-serif;\n              box-sizing: border-box;\n              font-size: 14px;\n            }\n\n            img {\n              max-width: 100%;\n            }\n\n            body {\n              -webkit-font-smoothing: antialiased;\n              -webkit-text-size-adjust: none;\n              width: 100% !important;\n              height: 100%;\n              line-height: 1.6em;\n            }\n\n            table td {\n              vertical-align: top;\n            }\n\n            body {\n              background-color: #f6f6f6;\n            }\n\n            .body-wrap {\n              background-color: #f6f6f6;\n              width: 100%;\n            }\n\n            .container {\n              display: block !important;\n              max-width: 600px !important;\n              margin: 0 auto !important;\n              clear: both !important;\n            }\n\n            .content {\n              max-width: 600px;\n              margin: 0 auto;\n              display: block;\n              padding: 20px;\n            }\n\n            .main {\n              background-color: #fff;\n              border: 1px solid #e9e9e9;\n              border-radius: 3px;\n            }\n\n            .content-wrap {\n              padding: 20px;\n            }\n\n            .content-block {\n              padding: 0 0 20px;\n            }\n\n            .header {\n              width: 100%;\n              margin-bottom: 20px;\n            }\n\n            .footer {\n              width: 100%;\n              clear: both;\n              color: #999;\n              padding: 20px;\n            }\n            .footer p, .footer a, .footer td {\n              color: #999;\n              font-size: 12px;\n            }\n\n            h1, h2, h3 {\n              font-family: \"Helvetica Neue\", Helvetica, Arial, \"Lucida Grande\", sans-serif;\n              color: #000;\n              margin: 40px 0 0;\n              line-height: 1.2em;\n              font-weight: 400;\n            }\n\n            h1 {\n              font-size: 32px;\n              font-weight: 500;\n            }\n\n            h2 {\n              font-size: 24px;\n            }\n\n            h3 {\n              font-size: 18px;\n            }\n\n            h4 {\n              font-size: 14px;\n              font-weight: 600;\n            }\n\n            p, ul, ol {\n              margin-bottom: 10px;\n              font-weight: normal;\n            }\n            p li, ul li, ol li {\n              margin-left: 5px;\n              list-style-position: inside;\n            }\n\n            a {\n              color: #348eda;\n              text-decoration: underline;\n            }\n\n            .btn-primary {\n              text-decoration: none;\n              color: #FFF;\n              background-color: #348eda;\n              border: solid #348eda;\n              border-width: 10px 20px;\n              line-height: 2em;\n              font-weight: bold;\n              text-align: center;\n              cursor: pointer;\n              display: inline-block;\n              border-radius: 5px;\n              text-transform: capitalize;\n            }\n\n            .last {\n              margin-bottom: 0;\n            }\n\n            .first {\n              margin-top: 0;\n            }\n\n            .aligncenter {\n              text-align: center;\n            }\n\n            .alignright {\n              text-align: right;\n            }\n\n            .alignleft {\n              text-align: left;\n            }\n\n            .clear {\n              clear: both;\n            }\n\n            .alert {\n              font-size: 16px;\n              color: #fff;\n              font-weight: 500;\n              padding: 20px;\n              text-align: center;\n              border-radius: 3px 3px 0 0;\n            }\n            .alert a {\n              color: #fff;\n              text-decoration: none;\n              font-weight: 500;\n              font-size: 16px;\n            }\n            .alert.alert-warning {\n              background-color: #FF9F00;\n            }\n            .alert.alert-bad {\n              background-color: #D0021B;\n            }\n            .alert.alert-good {\n              background-color: #68B90F;\n            }\n\n            .invoice {\n              margin: 40px auto;\n              text-align: left;\n              width: 80%;\n            }\n            .order {\n              text-align: left;\n              width: 100%;\n            }\n            .invoice td, .order td {\n              padding: 5px 0;\n            }\n            .invoice .invoice-items, .order .order-items {\n              width: 100%;\n            }\n            .invoice .invoice-items td, .order .order-items td {\n              border-top: #eee 1px solid;\n            }\n            .invoice .invoice-items .total td, .order .order-items .total td {\n              border-top: 2px solid #333;\n              border-bottom: 2px solid #333;\n              font-weight: 700;\n            }\n\n            @media only screen and (max-width: 640px) {\n              body {\n                padding: 0 !important;\n              }\n\n              h1, h2, h3, h4 {\n                font-weight: 800 !important;\n                margin: 20px 0 5px !important;\n              }\n\n              h1 {\n                font-size: 22px !important;\n              }\n\n              h2 {\n                font-size: 18px !important;\n              }\n\n              h3 {\n                font-size: 16px !important;\n              }\n\n              .container {\n                padding: 0 !important;\n                width: 100% !important;\n              }\n\n              .content {\n                padding: 0 !important;\n              }\n\n              .content-wrap {\n                padding: 10px !important;\n              }\n\n              .invoice {\n                width: 100% !important;\n              }\n\n              .order {\n                width: 100% !important;\n              }\n            }\n\n        </style>\n    </head>\n\n    <body itemscope itemtype=\"http://schema.org/EmailMessage\">\n\n    <table class=\"body-wrap\">\n        <tr>\n            <td></td>\n            <td class=\"container\" width=\"600\">\n                <div class=\"content\">\n                    <table class=\"main\" width=\"100%\" cellpadding=\"0\" cellspacing=\"0\" itemprop=\"action\" itemscope itemtype=\"http://schema.org/ConfirmAction\">\n                        <tr>\n                            <td class=\"content-wrap\">\n                                <table width=\"100%\" cellpadding=\"0\" cellspacing=\"0\">\n                                    \n                                    \n<tr>\n    <td class=\"content-block\">\n        <p xmlns=\"http://www.w3.org/1999/html\">Hello,</p>\n        <p>We are pleased to confirm your order 100024 has been received and\n        will be processed shortly.</p>\n    </td>\n</tr>\n\n<tr>\n    <td class=\"content-block\">\n        <table class=\"order\">\n            <tbody><tr>\n                <td>Your order contains:</td>\n            </tr>\n            <tr>\n                <td>\n                    <table class=\"order-items\" cellpadding=\"0\" cellspacing=\"0\">\n                        <tbody>\n                            \n                                <tr>\n                                    <td>Mi Notebook Pro QHD+ IPS Anti-Glare Display &times; 1</td>\n                                    <td class=\"alignright\">54,999.00</td>\n                                </tr>\n                            \n                            <tr>\n                                <td class=\"alignright\">Cart total:</td>\n                                <td class=\"alignright\">54,999.00</td>\n                            </tr>\n                            <tr>\n                                <td class=\"alignright\">Shipping:</td>\n                                <td class=\"alignright\">0.00</td>\n                            </tr>\n                            <tr class=\"total\">\n                                <td class=\"alignright\" width=\"80%\">Order Total:</td>\n                                <td class=\"alignright\">54,999.00</td>\n                            </tr>\n                        </tbody>\n                    </table>\n                </td>\n            </tr>\n        </tbody></table>\n    </td>\n</tr>\n\n<tr>\n    <td class=\"content-block\">\n        <p>Shipping address:</p>\n        <p>  Mr Sree Sankar<br/>\n          Meloottu Veedu,Perayam, Mulavana (PO)<br/>\n          Meloottu Veedu,Perayam, Mulavana (PO)<br/>\n          Kollam<br/>\n          Kerala<br/>\n          691503<br/>\n          India<br/>\n        </p>\n    </td>\n</tr>\n\n\n    <tr>\n        <td class=\"content-block\">\n            You can view the status of this order by clicking <a href=\"http://example.com/accounts/orders/100024/\" title=\"order status\">here</a>\n        </td>\n    </tr>\n\n\n\n                                    \n                                        <tr>\n                                            <td class=\"content-block\">\n                                                <p>Thanks for using our site!</p>\n                                                <p>The example.com team</p>\n                                            </td>\n                                        </tr>\n                                    \n                                </table>\n                            </td>\n                        </tr>\n                    </table>\n                </div>\n            </td>\n            <td></td>\n        </tr>\n    </table>\n\n    </body>\n</html>", "date_sent": "2022-11-23T15:04:45.365Z"}}, {"model": "communication.email", "pk": 19, "fields": {"user": 9, "email": "sreesankar36@gmail.com", "subject": "Confirmation of order 100025", "body_text": "Hello,\n\nWe are pleased to confirm your order 100025 has been received and\nwill be processed shortly.\n\nYour order contains:\n\n * Samsung Galaxy S20 FE 5G - quantity: 1 - price: 34,990.00\n\nCart total: 34,990.00\nShipping: 0.00\nOrder Total: 34,990.00\n\nShipping address:\n\n  Mr Sree Sankar\n  Meloottu Veedu,Perayam, Mulavana (PO)\n  Meloottu Veedu,Perayam, Mulavana (PO)\n  Kollam\n  Kerala\n  691503\n  India\n\n\n\nYou can view the status of this order at the below URL:\nhttp://example.com/accounts/orders/100025/\n\n\nThe team\n", "body_html": "\n<!DOCTYPE html PUBLIC \"-//W3C//DTD XHTML 1.0 Transitional//EN\" \"http://www.w3.org/TR/xhtml1/DTD/xhtml1-transitional.dtd\">\n<html xmlns=\"http://www.w3.org/1999/xhtml\">\n    <head>\n        <meta name=\"viewport\" content=\"width=device-width\" />\n        <meta http-equiv=\"Content-Type\" content=\"text/html; charset=UTF-8\" />\n        <style>\n            * {\n              margin: 0;\n              font-family: \"Helvetica Neue\", Helvetica, Arial, sans-serif;\n              box-sizing: border-box;\n              font-size: 14px;\n            }\n\n            img {\n              max-width: 100%;\n            }\n\n            body {\n              -webkit-font-smoothing: antialiased;\n              -webkit-text-size-adjust: none;\n              width: 100% !important;\n              height: 100%;\n              line-height: 1.6em;\n            }\n\n            table td {\n              vertical-align: top;\n            }\n\n            body {\n              background-color: #f6f6f6;\n            }\n\n            .body-wrap {\n              background-color: #f6f6f6;\n              width: 100%;\n            }\n\n            .container {\n              display: block !important;\n              max-width: 600px !important;\n              margin: 0 auto !important;\n              clear: both !important;\n            }\n\n            .content {\n              max-width: 600px;\n              margin: 0 auto;\n              display: block;\n              padding: 20px;\n            }\n\n            .main {\n              background-color: #fff;\n              border: 1px solid #e9e9e9;\n              border-radius: 3px;\n            }\n\n            .content-wrap {\n              padding: 20px;\n            }\n\n            .content-block {\n              padding: 0 0 20px;\n            }\n\n            .header {\n              width: 100%;\n              margin-bottom: 20px;\n            }\n\n            .footer {\n              width: 100%;\n              clear: both;\n              color: #999;\n              padding: 20px;\n            }\n            .footer p, .footer a, .footer td {\n              color: #999;\n              font-size: 12px;\n            }\n\n            h1, h2, h3 {\n              font-family: \"Helvetica Neue\", Helvetica, Arial, \"Lucida Grande\", sans-serif;\n              color: #000;\n              margin: 40px 0 0;\n              line-height: 1.2em;\n              font-weight: 400;\n            }\n\n            h1 {\n              font-size: 32px;\n              font-weight: 500;\n            }\n\n            h2 {\n              font-size: 24px;\n            }\n\n            h3 {\n              font-size: 18px;\n            }\n\n            h4 {\n              font-size: 14px;\n              font-weight: 600;\n            }\n\n            p, ul, ol {\n              margin-bottom: 10px;\n              font-weight: normal;\n            }\n            p li, ul li, ol li {\n              margin-left: 5px;\n              list-style-position: inside;\n            }\n\n            a {\n              color: #348eda;\n              text-decoration: underline;\n            }\n\n            .btn-primary {\n              text-decoration: none;\n              color: #FFF;\n              background-color: #348eda;\n              border: solid #348eda;\n              border-width: 10px 20px;\n              line-height: 2em;\n              font-weight: bold;\n              text-align: center;\n              cursor: pointer;\n              display: inline-block;\n              border-radius: 5px;\n              text-transform: capitalize;\n            }\n\n            .last {\n              margin-bottom: 0;\n            }\n\n            .first {\n              margin-top: 0;\n            }\n\n            .aligncenter {\n              text-align: center;\n            }\n\n            .alignright {\n              text-align: right;\n            }\n\n            .alignleft {\n              text-align: left;\n            }\n\n            .clear {\n              clear: both;\n            }\n\n            .alert {\n              font-size: 16px;\n              color: #fff;\n              font-weight: 500;\n              padding: 20px;\n              text-align: center;\n              border-radius: 3px 3px 0 0;\n            }\n            .alert a {\n              color: #fff;\n              text-decoration: none;\n              font-weight: 500;\n              font-size: 16px;\n            }\n            .alert.alert-warning {\n              background-color: #FF9F00;\n            }\n            .alert.alert-bad {\n              background-color: #D0021B;\n            }\n            .alert.alert-good {\n              background-color: #68B90F;\n            }\n\n            .invoice {\n              margin: 40px auto;\n              text-align: left;\n              width: 80%;\n            }\n            .order {\n              text-align: left;\n              width: 100%;\n            }\n            .invoice td, .order td {\n              padding: 5px 0;\n            }\n            .invoice .invoice-items, .order .order-items {\n              width: 100%;\n            }\n            .invoice .invoice-items td, .order .order-items td {\n              border-top: #eee 1px solid;\n            }\n            .invoice .invoice-items .total td, .order .order-items .total td {\n              border-top: 2px solid #333;\n              border-bottom: 2px solid #333;\n              font-weight: 700;\n            }\n\n            @media only screen and (max-width: 640px) {\n              body {\n                padding: 0 !important;\n              }\n\n              h1, h2, h3, h4 {\n                font-weight: 800 !important;\n                margin: 20px 0 5px !important;\n              }\n\n              h1 {\n                font-size: 22px !important;\n              }\n\n              h2 {\n                font-size: 18px !important;\n              }\n\n              h3 {\n                font-size: 16px !important;\n              }\n\n              .container {\n                padding: 0 !important;\n                width: 100% !important;\n              }\n\n              .content {\n                padding: 0 !important;\n              }\n\n              .content-wrap {\n                padding: 10px !important;\n              }\n\n              .invoice {\n                width: 100% !important;\n              }\n\n              .order {\n                width: 100% !important;\n              }\n            }\n\n        </style>\n    </head>\n\n    <body itemscope itemtype=\"http://schema.org/EmailMessage\">\n\n    <table class=\"body-wrap\">\n        <tr>\n            <td></td>\n            <td class=\"container\" width=\"600\">\n                <div class=\"content\">\n                    <table class=\"main\" width=\"100%\" cellpadding=\"0\" cellspacing=\"0\" itemprop=\"action\" itemscope itemtype=\"http://schema.org/ConfirmAction\">\n                        <tr>\n                            <td class=\"content-wrap\">\n                                <table width=\"100%\" cellpadding=\"0\" cellspacing=\"0\">\n                                    \n                                    \n<tr>\n    <td class=\"content-block\">\n        <p xmlns=\"http://www.w3.org/1999/html\">Hello,</p>\n        <p>We are pleased to confirm your order 100025 has been received and\n        will be processed shortly.</p>\n    </td>\n</tr>\n\n<tr>\n    <td class=\"content-block\">\n        <table class=\"order\">\n            <tbody><tr>\n                <td>Your order contains:</td>\n            </tr>\n            <tr>\n                <td>\n                    <table class=\"order-items\" cellpadding=\"0\" cellspacing=\"0\">\n                        <tbody>\n                            \n                                <tr>\n                                    <td>Samsung Galaxy S20 FE 5G &times; 1</td>\n                                    <td class=\"alignright\">34,990.00</td>\n                                </tr>\n                            \n                            <tr>\n                                <td class=\"alignright\">Cart total:</td>\n                                <td class=\"alignright\">34,990.00</td>\n                            </tr>\n                            <tr>\n                                <td class=\"alignright\">Shipping:</td>\n                                <td class=\"alignright\">0.00</td>\n                            </tr>\n                            <tr class=\"total\">\n                                <td class=\"alignright\" width=\"80%\">Order Total:</td>\n                                <td class=\"alignright\">34,990.00</td>\n                            </tr>\n                        </tbody>\n                    </table>\n                </td>\n            </tr>\n        </tbody></table>\n    </td>\n</tr>\n\n<tr>\n    <td class=\"content-block\">\n        <p>Shipping address:</p>\n        <p>  Mr Sree Sankar<br/>\n          Meloottu Veedu,Perayam, Mulavana (PO)<br/>\n          Meloottu Veedu,Perayam, Mulavana (PO)<br/>\n          Kollam<br/>\n          Kerala<br/>\n          691503<br/>\n          India<br/>\n        </p>\n    </td>\n</tr>\n\n\n    <tr>\n        <td class=\"content-block\">\n            You can view the status of this order by clicking <a href=\"http://example.com/accounts/orders/100025/\" title=\"order status\">here</a>\n        </td>\n    </tr>\n\n\n\n                                    \n                                        <tr>\n                                            <td class=\"content-block\">\n                                                <p>Thanks for using our site!</p>\n                                                <p>The example.com team</p>\n                                            </td>\n                                        </tr>\n                                    \n                                </table>\n                            </td>\n                        </tr>\n                    </table>\n                </div>\n            </td>\n            <td></td>\n        </tr>\n    </table>\n\n    </body>\n</html>", "date_sent": "2022-11-24T11:39:11.921Z"}}, {"model": "partner.partner", "pk": 1, "fields": {"code": "mobile-store", "name": "Mobile Store", "company": null, "users": []}}, {"model": "partner.partner", "pk": 2, "fields": {"code": "electronics-store", "name": "Electronics Store", "company": null, "users": []}}, {"model": "partner.partner", "pk": 3, "fields": {"code": "book-house", "name": "Book House", "company": null, "users": []}}, {"model": "partner.stockrecord", "pk": 2, "fields": {"product": 2, "partner": 1, "partner_sku": "124", "price_currency": "INR", "price": "54999.00", "num_in_stock": 50, "num_allocated": 4, "low_stock_threshold": 5, "date_created": "2022-11-16T06:16:39.156Z", "date_updated": "2022-11-16T06:16:39.156Z"}}, {"model": "partner.stockrecord", "pk": 3, "fields": {"product": 3, "partner": 1, "partner_sku": "125", "price_currency": "INR", "price": "34990.00", "num_in_stock": 100, "num_allocated": 7, "low_stock_threshold": 20, "date_created": "2022-11-16T06:19:34.734Z", "date_updated": "2022-11-16T06:19:34.734Z"}}, {"model": "partner.stockrecord", "pk": 4, "fields": {"product": 4, "partner": 2, "partner_sku": "126", "price_currency": "INR", "price": "29000.00", "num_in_stock": 30, "num_allocated": 5, "low_stock_threshold": 5, "date_created": "2022-11-16T06:22:50.275Z", "date_updated": "2022-11-16T06:22:50.276Z"}}, {"model": "partner.stockrecord", "pk": 5, "fields": {"product": 5, "partner": 3, "partner_sku": "125", "price_currency": "INR", "price": "300.00", "num_in_stock": 50, "num_allocated": 5, "low_stock_threshold": 10, "date_created": "2022-11-16T06:29:58.229Z", "date_updated": "2022-11-16T06:29:58.229Z"}}, {"model": "basket.basket", "pk": 1, "fields": {"owner": 2, "status": "Open", "date_created": "2022-11-15T18:41:13.102Z", "date_merged": null, "date_submitted": null, "vouchers": []}}, {"model": "basket.basket", "pk": 2, "fields": {"owner": null, "status": "Merged", "date_created": "2022-11-16T09:09:39.742Z", "date_merged": "2022-11-16T11:37:59.418Z", "date_submitted": null, "vouchers": []}}, {"model": "basket.basket", "pk": 3, "fields": {"owner": 4, "status": "Open", "date_created": "2022-11-16T12:42:10.731Z", "date_merged": null, "date_submitted": null, "vouchers": []}}, {"model": "basket.basket", "pk": 4, "fields": {"owner": null, "status": "Merged", "date_created": "2022-11-20T18:57:16.298Z", "date_merged": "2022-11-20T18:58:06.041Z", "date_submitted": null, "vouchers": []}}, {"model": "basket.basket", "pk": 5, "fields": {"owner": 5, "status": "Frozen", "date_created": "2022-11-20T18:58:06.037Z", "date_merged": null, "date_submitted": null, "vouchers": []}}, {"model": "basket.basket", "pk": 6, "fields": {"owner": 5, "status": "Open", "date_created": "2022-11-21T05:52:55.359Z", "date_merged": null, "date_submitted": null, "vouchers": []}}, {"model": "basket.basket", "pk": 7, "fields": {"owner": null, "status": "Merged", "date_created": "2022-11-22T09:47:16.019Z", "date_merged": "2022-11-22T09:50:52.721Z", "date_submitted": null, "vouchers": []}}, {"model": "basket.basket", "pk": 8, "fields": {"owner": 6, "status": "Open", "date_created": "2022-11-22T09:50:52.716Z", "date_merged": null, "date_submitted": null, "vouchers": []}}, {"model": "basket.basket", "pk": 9, "fields": {"owner": 7, "status": "Submitted", "date_created": "2022-11-22T10:59:03.752Z", "date_merged": null, "date_submitted": "2022-11-22T20:49:16.170Z", "vouchers": []}}, {"model": "basket.basket", "pk": 10, "fields": {"owner": 7, "status": "Submitted", "date_created": "2022-11-22T20:49:38.025Z", "date_merged": null, "date_submitted": "2022-11-22T20:50:12.639Z", "vouchers": []}}, {"model": "basket.basket", "pk": 11, "fields": {"owner": 7, "status": "Submitted", "date_created": "2022-11-22T20:52:30.641Z", "date_merged": null, "date_submitted": "2022-11-22T20:53:32.255Z", "vouchers": []}}, {"model": "basket.basket", "pk": 12, "fields": {"owner": 7, "status": "Submitted", "date_created": "2022-11-22T20:54:32.936Z", "date_merged": null, "date_submitted": "2022-11-22T20:55:49.977Z", "vouchers": []}}, {"model": "basket.basket", "pk": 13, "fields": {"owner": 7, "status": "Submitted", "date_created": "2022-11-22T20:57:40.476Z", "date_merged": null, "date_submitted": "2022-11-22T20:58:09.755Z", "vouchers": []}}, {"model": "basket.basket", "pk": 14, "fields": {"owner": 7, "status": "Submitted", "date_created": "2022-11-22T21:02:48.698Z", "date_merged": null, "date_submitted": "2022-11-22T21:03:13.057Z", "vouchers": []}}, {"model": "basket.basket", "pk": 15, "fields": {"owner": 7, "status": "Submitted", "date_created": "2022-11-22T21:04:07.989Z", "date_merged": null, "date_submitted": "2022-11-22T21:04:36.793Z", "vouchers": []}}, {"model": "basket.basket", "pk": 16, "fields": {"owner": 7, "status": "Submitted", "date_created": "2022-11-22T21:05:39.492Z", "date_merged": null, "date_submitted": "2022-11-23T04:19:17.859Z", "vouchers": []}}, {"model": "basket.basket", "pk": 17, "fields": {"owner": 7, "status": "Submitted", "date_created": "2022-11-23T04:27:25.219Z", "date_merged": null, "date_submitted": "2022-11-23T05:15:30.610Z", "vouchers": []}}, {"model": "basket.basket", "pk": 18, "fields": {"owner": 7, "status": "Submitted", "date_created": "2022-11-23T05:23:28.282Z", "date_merged": null, "date_submitted": "2022-11-23T05:24:02.980Z", "vouchers": []}}, {"model": "basket.basket", "pk": 19, "fields": {"owner": 7, "status": "Submitted", "date_created": "2022-11-23T05:24:57.664Z", "date_merged": null, "date_submitted": "2022-11-23T05:47:02.878Z", "vouchers": []}}, {"model": "basket.basket", "pk": 20, "fields": {"owner": 7, "status": "Open", "date_created": "2022-11-23T05:47:30.576Z", "date_merged": null, "date_submitted": null, "vouchers": []}}, {"model": "basket.basket", "pk": 21, "fields": {"owner": 8, "status": "Open", "date_created": "2022-11-23T06:08:53.699Z", "date_merged": null, "date_submitted": null, "vouchers": []}}, {"model": "basket.basket", "pk": 22, "fields": {"owner": 9, "status": "Submitted", "date_created": "2022-11-23T09:21:42.151Z", "date_merged": null, "date_submitted": "2022-11-23T11:26:21.671Z", "vouchers": []}}, {"model": "basket.basket", "pk": 23, "fields": {"owner": 9, "status": "Submitted", "date_created": "2022-11-23T14:43:53.279Z", "date_merged": null, "date_submitted": "2022-11-23T14:44:19.067Z", "vouchers": []}}, {"model": "basket.basket", "pk": 24, "fields": {"owner": 9, "status": "Submitted", "date_created": "2022-11-23T15:04:13.020Z", "date_merged": null, "date_submitted": "2022-11-23T15:04:45.355Z", "vouchers": []}}, {"model": "basket.basket", "pk": 25, "fields": {"owner": 9, "status": "Submitted", "date_created": "2022-11-23T15:05:05.386Z", "date_merged": null, "date_submitted": "2022-11-24T11:39:11.910Z", "vouchers": []}}, {"model": "basket.basket", "pk": 26, "fields": {"owner": 9, "status": "Open", "date_created": "2022-11-24T11:39:16.801Z", "date_merged": null, "date_submitted": null, "vouchers": []}}, {"model": "basket.line", "pk": 3, "fields": {"basket": 1, "line_reference": "5_5", "product": 5, "stockrecord": 5, "quantity": 1, "price_currency": "INR", "price_excl_tax": "300.00", "price_incl_tax": "300.00", "date_created": "2022-11-16T06:45:23.656Z", "date_updated": "2022-11-16T12:07:19.639Z"}}, {"model": "basket.line", "pk": 5, "fields": {"basket": 3, "line_reference": "3_3", "product": 3, "stockrecord": 3, "quantity": 2, "price_currency": "INR", "price_excl_tax": "34990.00", "price_incl_tax": "34990.00", "date_created": "2022-11-16T12:42:39.818Z", "date_updated": "2022-11-17T07:23:57.366Z"}}, {"model": "basket.line", "pk": 6, "fields": {"basket": 1, "line_reference": "4_4", "product": 4, "stockrecord": 4, "quantity": 1, "price_currency": "INR", "price_excl_tax": "29000.00", "price_incl_tax": "29000.00", "date_created": "2022-11-17T12:47:49.562Z", "date_updated": "2022-11-17T12:47:49.562Z"}}, {"model": "basket.line", "pk": 7, "fields": {"basket": 5, "line_reference": "5_5", "product": 5, "stockrecord": 5, "quantity": 1, "price_currency": "INR", "price_excl_tax": "300.00", "price_incl_tax": "300.00", "date_created": "2022-11-20T18:57:16.313Z", "date_updated": "2022-11-20T18:58:06.040Z"}}, {"model": "basket.line", "pk": 8, "fields": {"basket": 6, "line_reference": "4_4", "product": 4, "stockrecord": 4, "quantity": 1, "price_currency": "INR", "price_excl_tax": "29000.00", "price_incl_tax": "29000.00", "date_created": "2022-11-21T05:52:59.446Z", "date_updated": "2022-11-21T05:52:59.446Z"}}, {"model": "basket.line", "pk": 9, "fields": {"basket": 8, "line_reference": "4_4", "product": 4, "stockrecord": 4, "quantity": 1, "price_currency": "INR", "price_excl_tax": "29000.00", "price_incl_tax": "29000.00", "date_created": "2022-11-22T09:47:16.025Z", "date_updated": "2022-11-22T09:50:52.719Z"}}, {"model": "basket.line", "pk": 10, "fields": {"basket": 9, "line_reference": "5_5", "product": 5, "stockrecord": 5, "quantity": 3, "price_currency": "INR", "price_excl_tax": "300.00", "price_incl_tax": "300.00", "date_created": "2022-11-22T10:59:13.923Z", "date_updated": "2022-11-22T19:19:27.336Z"}}, {"model": "basket.line", "pk": 11, "fields": {"basket": 10, "line_reference": "3_3", "product": 3, "stockrecord": 3, "quantity": 1, "price_currency": "INR", "price_excl_tax": "34990.00", "price_incl_tax": "34990.00", "date_created": "2022-11-22T20:49:41.799Z", "date_updated": "2022-11-22T20:49:41.799Z"}}, {"model": "basket.line", "pk": 12, "fields": {"basket": 11, "line_reference": "3_3", "product": 3, "stockrecord": 3, "quantity": 1, "price_currency": "INR", "price_excl_tax": "34990.00", "price_incl_tax": "34990.00", "date_created": "2022-11-22T20:52:58.062Z", "date_updated": "2022-11-22T20:52:58.062Z"}}, {"model": "basket.line", "pk": 13, "fields": {"basket": 12, "line_reference": "5_5", "product": 5, "stockrecord": 5, "quantity": 1, "price_currency": "INR", "price_excl_tax": "300.00", "price_incl_tax": "300.00", "date_created": "2022-11-22T20:54:37.691Z", "date_updated": "2022-11-22T20:54:37.692Z"}}, {"model": "basket.line", "pk": 14, "fields": {"basket": 13, "line_reference": "2_2", "product": 2, "stockrecord": 2, "quantity": 1, "price_currency": "INR", "price_excl_tax": "54999.00", "price_incl_tax": "54999.00", "date_created": "2022-11-22T20:57:44.711Z", "date_updated": "2022-11-22T20:57:44.711Z"}}, {"model": "basket.line", "pk": 15, "fields": {"basket": 14, "line_reference": "4_4", "product": 4, "stockrecord": 4, "quantity": 1, "price_currency": "INR", "price_excl_tax": "29000.00", "price_incl_tax": "29000.00", "date_created": "2022-11-22T21:02:51.101Z", "date_updated": "2022-11-22T21:02:51.101Z"}}, {"model": "basket.line", "pk": 16, "fields": {"basket": 15, "line_reference": "2_2", "product": 2, "stockrecord": 2, "quantity": 1, "price_currency": "INR", "price_excl_tax": "54999.00", "price_incl_tax": "54999.00", "date_created": "2022-11-22T21:04:10.594Z", "date_updated": "2022-11-22T21:04:10.594Z"}}, {"model": "basket.line", "pk": 17, "fields": {"basket": 16, "line_reference": "3_3", "product": 3, "stockrecord": 3, "quantity": 1, "price_currency": "INR", "price_excl_tax": "34990.00", "price_incl_tax": "34990.00", "date_created": "2022-11-22T21:05:41.639Z", "date_updated": "2022-11-22T21:05:41.639Z"}}, {"model": "basket.line", "pk": 18, "fields": {"basket": 16, "line_reference": "4_4", "product": 4, "stockrecord": 4, "quantity": 1, "price_currency": "INR", "price_excl_tax": "29000.00", "price_incl_tax": "29000.00", "date_created": "2022-11-23T04:18:37.915Z", "date_updated": "2022-11-23T04:18:37.915Z"}}, {"model": "basket.line", "pk": 19, "fields": {"basket": 17, "line_reference": "5_5", "product": 5, "stockrecord": 5, "quantity": 1, "price_currency": "INR", "price_excl_tax": "300.00", "price_incl_tax": "300.00", "date_created": "2022-11-23T04:27:32.328Z", "date_updated": "2022-11-23T04:27:32.328Z"}}, {"model": "basket.line", "pk": 20, "fields": {"basket": 18, "line_reference": "4_4", "product": 4, "stockrecord": 4, "quantity": 1, "price_currency": "INR", "price_excl_tax": "29000.00", "price_incl_tax": "29000.00", "date_created": "2022-11-23T05:23:32.520Z", "date_updated": "2022-11-23T05:23:32.520Z"}}, {"model": "basket.line", "pk": 21, "fields": {"basket": 19, "line_reference": "3_3", "product": 3, "stockrecord": 3, "quantity": 3, "price_currency": "INR", "price_excl_tax": "34990.00", "price_incl_tax": "34990.00", "date_created": "2022-11-23T05:25:04.062Z", "date_updated": "2022-11-23T05:36:15.037Z"}}, {"model": "basket.line", "pk": 22, "fields": {"basket": 20, "line_reference": "3_3", "product": 3, "stockrecord": 3, "quantity": 1, "price_currency": "INR", "price_excl_tax": "34990.00", "price_incl_tax": "34990.00", "date_created": "2022-11-23T05:47:40.433Z", "date_updated": "2022-11-23T05:47:40.433Z"}}, {"model": "basket.line", "pk": 23, "fields": {"basket": 21, "line_reference": "3_3", "product": 3, "stockrecord": 3, "quantity": 1, "price_currency": "INR", "price_excl_tax": "34990.00", "price_incl_tax": "34990.00", "date_created": "2022-11-23T06:08:58.668Z", "date_updated": "2022-11-23T06:08:58.668Z"}}, {"model": "basket.line", "pk": 24, "fields": {"basket": 21, "line_reference": "4_4", "product": 4, "stockrecord": 4, "quantity": 3, "price_currency": "INR", "price_excl_tax": "29000.00", "price_incl_tax": "29000.00", "date_created": "2022-11-23T06:48:22.279Z", "date_updated": "2022-11-23T08:21:46.766Z"}}, {"model": "basket.line", "pk": 25, "fields": {"basket": 22, "line_reference": "4_4", "product": 4, "stockrecord": 4, "quantity": 1, "price_currency": "INR", "price_excl_tax": "29000.00", "price_incl_tax": "29000.00", "date_created": "2022-11-23T09:21:47.418Z", "date_updated": "2022-11-23T09:21:47.418Z"}}, {"model": "basket.line", "pk": 26, "fields": {"basket": 22, "line_reference": "2_2", "product": 2, "stockrecord": 2, "quantity": 1, "price_currency": "INR", "price_excl_tax": "54999.00", "price_incl_tax": "54999.00", "date_created": "2022-11-23T11:12:16.737Z", "date_updated": "2022-11-23T11:12:16.737Z"}}, {"model": "basket.line", "pk": 27, "fields": {"basket": 23, "line_reference": "4_4", "product": 4, "stockrecord": 4, "quantity": 1, "price_currency": "INR", "price_excl_tax": "29000.00", "price_incl_tax": "29000.00", "date_created": "2022-11-23T14:43:55.850Z", "date_updated": "2022-11-23T14:43:55.850Z"}}, {"model": "basket.line", "pk": 28, "fields": {"basket": 24, "line_reference": "2_2", "product": 2, "stockrecord": 2, "quantity": 1, "price_currency": "INR", "price_excl_tax": "54999.00", "price_incl_tax": "54999.00", "date_created": "2022-11-23T15:04:20.086Z", "date_updated": "2022-11-23T15:04:20.086Z"}}, {"model": "basket.line", "pk": 29, "fields": {"basket": 25, "line_reference": "3_3", "product": 3, "stockrecord": 3, "quantity": 1, "price_currency": "INR", "price_excl_tax": "34990.00", "price_incl_tax": "34990.00", "date_created": "2022-11-24T11:38:46.667Z", "date_updated": "2022-11-24T11:38:46.667Z"}}, {"model": "basket.line", "pk": 30, "fields": {"basket": 26, "line_reference": "4_4", "product": 4, "stockrecord": 4, "quantity": 1, "price_currency": "INR", "price_excl_tax": "29000.00", "price_incl_tax": "29000.00", "date_created": "2022-11-24T11:39:25.390Z", "date_updated": "2022-11-24T11:39:25.390Z"}}, {"model": "payment.source", "pk": 1, "fields": {"order": 12, "source_type": 1, "currency": "INR", "amount_allocated": "83999.00", "amount_debited": "83999.00", "amount_refunded": "0.00", "reference": "{\n  \"amount\": 8399900,\n  \"amount_capturable\": 0,\n  \"amount_details\": {\n    \"tip\": {}\n  },\n  \"amount_received\": 0,\n  \"application\": null,\n  \"application_fee_amount\": null,\n  \"automatic_payment_methods\": null,\n  \"canceled_at\": null,\n  \"cancellation_reason\": null,\n  \"capture_method\": \"automatic\",\n  \"charges\": {\n    \"data\": [],\n    \"has_more\": false,\n    \"object\": \"list\",\n    \"total_count\": 0,\n    \"url\": \"/v1/charges?payment_intent=pi_3M7H5tSBeZkgYlGW1ZpzVyqw\"\n  },\n  \"client_secret\": \"pi_3M7H5tSBeZkgYlGW1ZpzVyqw_secret_aZorUDZanChXPXKNZk9i9WdWh\",\n  \"confirmation_method\": \"automatic\",\n  \"created\": 1669202781,\n  \"currency\": \"inr\",\n  \"customer\": \"cus_Mqz4bU9v07eDoD\",\n  \"description\": \"sreesankar36@gmail.com\",\n  \"id\": \"pi_3M7H5tSBeZkgYlGW1ZpzVyqw\",\n  \"invoice\": null,\n  \"last_payment_error\": null,\n  \"livemode\": false,\n  \"metadata\": {\n    \"order_number\": \"100022\"\n  },\n  \"next_action\": null,\n  \"object\": \"payment_intent\",\n  \"on_behalf_of\": null,\n  \"payment_method\": null,\n  \"payment_method_options\": {\n    \"card\": {\n      \"installments\": null,\n      \"mandate_options\": null,\n      \"network\": null,\n      \"request_three_d_secure\": \"automatic\"\n    }\n  },\n  \"payment_method_types\": [\n    \"card\"\n  ],\n  \"processing\": null,\n  \"receipt_email\": \"sreesankar36@gmail.com\",\n  \"review\": null,\n  \"setup_future_usage\": null,\n  \"shipping\": null,\n  \"source\": null,\n  \"statement_descriptor\": null,\n  \"statement_descriptor_suffix\": null,\n  \"status\": \"requires_payment_method\",\n  \"transfer_data\": null,\n  \"transfer_group\": null\n}", "label": ""}}, {"model": "payment.source", "pk": 2, "fields": {"order": 13, "source_type": 1, "currency": "INR", "amount_allocated": "29000.00", "amount_debited": "29000.00", "amount_refunded": "0.00", "reference": "{\n  \"amount\": 2900000,\n  \"amount_capturable\": 0,\n  \"amount_details\": {\n    \"tip\": {}\n  },\n  \"amount_received\": 0,\n  \"application\": null,\n  \"application_fee_amount\": null,\n  \"automatic_payment_methods\": null,\n  \"canceled_at\": null,\n  \"cancellation_reason\": null,\n  \"capture_method\": \"automatic\",\n  \"charges\": {\n    \"data\": [],\n    \"has_more\": false,\n    \"object\": \"list\",\n    \"total_count\": 0,\n    \"url\": \"/v1/charges?payment_intent=pi_3M7KBTSBeZkgYlGW1HNJXMyI\"\n  },\n  \"client_secret\": \"pi_3M7KBTSBeZkgYlGW1HNJXMyI_secret_zpspwHHPKgO5rmhSGIB956q6u\",\n  \"confirmation_method\": \"automatic\",\n  \"created\": 1669214659,\n  \"currency\": \"inr\",\n  \"customer\": \"cus_Mr2F3P3zdFVuHy\",\n  \"description\": \"sreesankar36@gmail.com\",\n  \"id\": \"pi_3M7KBTSBeZkgYlGW1HNJXMyI\",\n  \"invoice\": null,\n  \"last_payment_error\": null,\n  \"livemode\": false,\n  \"metadata\": {\n    \"order_number\": \"100023\"\n  },\n  \"next_action\": null,\n  \"object\": \"payment_intent\",\n  \"on_behalf_of\": null,\n  \"payment_method\": null,\n  \"payment_method_options\": {\n    \"card\": {\n      \"installments\": null,\n      \"mandate_options\": null,\n      \"network\": null,\n      \"request_three_d_secure\": \"automatic\"\n    }\n  },\n  \"payment_method_types\": [\n    \"card\"\n  ],\n  \"processing\": null,\n  \"receipt_email\": \"sreesankar36@gmail.com\",\n  \"review\": null,\n  \"setup_future_usage\": null,\n  \"shipping\": null,\n  \"source\": null,\n  \"statement_descriptor\": null,\n  \"statement_descriptor_suffix\": null,\n  \"status\": \"requires_payment_method\",\n  \"transfer_data\": null,\n  \"transfer_group\": null\n}", "label": ""}}, {"model": "payment.source", "pk": 3, "fields": {"order": 14, "source_type": 1, "currency": "INR", "amount_allocated": "54999.00", "amount_debited": "54999.00", "amount_refunded": "0.00", "reference": "{\n  \"amount\": 5499900,\n  \"amount_capturable\": 0,\n  \"amount_details\": {\n    \"tip\": {}\n  },\n  \"amount_received\": 0,\n  \"application\": null,\n  \"application_fee_amount\": null,\n  \"automatic_payment_methods\": null,\n  \"canceled_at\": null,\n  \"cancellation_reason\": null,\n  \"capture_method\": \"automatic\",\n  \"charges\": {\n    \"data\": [],\n    \"has_more\": false,\n    \"object\": \"list\",\n    \"total_count\": 0,\n    \"url\": \"/v1/charges?payment_intent=pi_3M7KVFSBeZkgYlGW0VAJ92Ri\"\n  },\n  \"client_secret\": \"pi_3M7KVFSBeZkgYlGW0VAJ92Ri_secret_swKBD21TXkPOoU0rWBfGWK6LC\",\n  \"confirmation_method\": \"automatic\",\n  \"created\": 1669215885,\n  \"currency\": \"inr\",\n  \"customer\": \"cus_Mr2aEtNBFEm7uK\",\n  \"description\": \"sreesankar36@gmail.com\",\n  \"id\": \"pi_3M7KVFSBeZkgYlGW0VAJ92Ri\",\n  \"invoice\": null,\n  \"last_payment_error\": null,\n  \"livemode\": false,\n  \"metadata\": {\n    \"order_number\": \"100024\"\n  },\n  \"next_action\": null,\n  \"object\": \"payment_intent\",\n  \"on_behalf_of\": null,\n  \"payment_method\": null,\n  \"payment_method_options\": {\n    \"card\": {\n      \"installments\": null,\n      \"mandate_options\": null,\n      \"network\": null,\n      \"request_three_d_secure\": \"automatic\"\n    }\n  },\n  \"payment_method_types\": [\n    \"card\"\n  ],\n  \"processing\": null,\n  \"receipt_email\": \"sreesankar36@gmail.com\",\n  \"review\": null,\n  \"setup_future_usage\": null,\n  \"shipping\": null,\n  \"source\": null,\n  \"statement_descriptor\": null,\n  \"statement_descriptor_suffix\": null,\n  \"status\": \"requires_payment_method\",\n  \"transfer_data\": null,\n  \"transfer_group\": null\n}", "label": ""}}, {"model": "payment.source", "pk": 4, "fields": {"order": 15, "source_type": 1, "currency": "inr", "amount_allocated": "34990.00", "amount_debited": "34990.00", "amount_refunded": "0.00", "reference": "{\n  \"amount\": 3499000,\n  \"amount_capturable\": 0,\n  \"amount_details\": {\n    \"tip\": {}\n  },\n  \"amount_received\": 0,\n  \"application\": null,\n  \"application_fee_amount\": null,\n  \"automatic_payment_methods\": null,\n  \"canceled_at\": null,\n  \"cancellation_reason\": null,\n  \"capture_method\": \"automatic\",\n  \"charges\": {\n    \"data\": [],\n    \"has_more\": false,\n    \"object\": \"list\",\n    \"total_count\": 0,\n    \"url\": \"/v1/charges?payment_intent=pi_3M7dlrSBeZkgYlGW0a5bptOF\"\n  },\n  \"client_secret\": \"pi_3M7dlrSBeZkgYlGW0a5bptOF_secret_G3YPMCv5eSfSRTxabE9to6Lgi\",\n  \"confirmation_method\": \"automatic\",\n  \"created\": 1669289951,\n  \"currency\": \"inr\",\n  \"customer\": \"cus_MrMUQfogESL0dt\",\n  \"description\": \"sreesankar36@gmail.com\",\n  \"id\": \"pi_3M7dlrSBeZkgYlGW0a5bptOF\",\n  \"invoice\": null,\n  \"last_payment_error\": null,\n  \"livemode\": false,\n  \"metadata\": {\n    \"order_number\": \"100025\"\n  },\n  \"next_action\": null,\n  \"object\": \"payment_intent\",\n  \"on_behalf_of\": null,\n  \"payment_method\": null,\n  \"payment_method_options\": {\n    \"card\": {\n      \"installments\": null,\n      \"mandate_options\": null,\n      \"network\": null,\n      \"request_three_d_secure\": \"automatic\"\n    }\n  },\n  \"payment_method_types\": [\n    \"card\"\n  ],\n  \"processing\": null,\n  \"receipt_email\": \"sreesankar36@gmail.com\",\n  \"review\": null,\n  \"setup_future_usage\": null,\n  \"shipping\": null,\n  \"source\": null,\n  \"statement_descriptor\": null,\n  \"statement_descriptor_suffix\": null,\n  \"status\": \"requires_payment_method\",\n  \"transfer_data\": null,\n  \"transfer_group\": null\n}", "label": ""}}, {"model": "payment.sourcetype", "pk": 1, "fields": {"name": "Stripe", "code": "stripe"}}, {"model": "order.paymenteventquantity", "pk": 1, "fields": {"event": 1, "line": 13, "quantity": 1}}, {"model": "order.paymenteventquantity", "pk": 2, "fields": {"event": 1, "line": 14, "quantity": 1}}, {"model": "order.paymenteventquantity", "pk": 3, "fields": {"event": 2, "line": 15, "quantity": 1}}, {"model": "order.paymenteventquantity", "pk": 4, "fields": {"event": 3, "line": 16, "quantity": 1}}, {"model": "order.paymenteventquantity", "pk": 5, "fields": {"event": 4, "line": 17, "quantity": 1}}, {"model": "order.order", "pk": 1, "fields": {"number": "100009", "site": 1, "basket": 9, "user": 7, "billing_address": null, "currency": "INR", "total_incl_tax": "900.00", "total_excl_tax": "900.00", "shipping_incl_tax": "0.00", "shipping_excl_tax": "0.00", "shipping_address": 1, "shipping_method": "Free shipping", "shipping_code": "free-shipping", "status": "", "guest_email": "", "date_placed": "2022-11-22T20:49:16.156Z"}}, {"model": "order.order", "pk": 2, "fields": {"number": "100010", "site": 1, "basket": 10, "user": 7, "billing_address": null, "currency": "INR", "total_incl_tax": "34990.00", "total_excl_tax": "34990.00", "shipping_incl_tax": "0.00", "shipping_excl_tax": "0.00", "shipping_address": 2, "shipping_method": "Free shipping", "shipping_code": "free-shipping", "status": "", "guest_email": "", "date_placed": "2022-11-22T20:50:12.625Z"}}, {"model": "order.order", "pk": 3, "fields": {"number": "100011", "site": 1, "basket": 11, "user": 7, "billing_address": null, "currency": "INR", "total_incl_tax": "34990.00", "total_excl_tax": "34990.00", "shipping_incl_tax": "0.00", "shipping_excl_tax": "0.00", "shipping_address": 3, "shipping_method": "Free shipping", "shipping_code": "free-shipping", "status": "", "guest_email": "", "date_placed": "2022-11-22T20:53:32.240Z"}}, {"model": "order.order", "pk": 4, "fields": {"number": "100012", "site": 1, "basket": 12, "user": 7, "billing_address": null, "currency": "INR", "total_incl_tax": "300.00", "total_excl_tax": "300.00", "shipping_incl_tax": "0.00", "shipping_excl_tax": "0.00", "shipping_address": 4, "shipping_method": "Free shipping", "shipping_code": "free-shipping", "status": "", "guest_email": "", "date_placed": "2022-11-22T20:55:49.964Z"}}, {"model": "order.order", "pk": 5, "fields": {"number": "100013", "site": 1, "basket": 13, "user": 7, "billing_address": null, "currency": "INR", "total_incl_tax": "54999.00", "total_excl_tax": "54999.00", "shipping_incl_tax": "0.00", "shipping_excl_tax": "0.00", "shipping_address": 5, "shipping_method": "Free shipping", "shipping_code": "free-shipping", "status": "", "guest_email": "", "date_placed": "2022-11-22T20:58:09.739Z"}}, {"model": "order.order", "pk": 6, "fields": {"number": "100014", "site": 1, "basket": 14, "user": 7, "billing_address": null, "currency": "INR", "total_incl_tax": "29000.00", "total_excl_tax": "29000.00", "shipping_incl_tax": "0.00", "shipping_excl_tax": "0.00", "shipping_address": 6, "shipping_method": "Free shipping", "shipping_code": "free-shipping", "status": "", "guest_email": "", "date_placed": "2022-11-22T21:03:13.039Z"}}, {"model": "order.order", "pk": 7, "fields": {"number": "100015", "site": 1, "basket": 15, "user": 7, "billing_address": null, "currency": "INR", "total_incl_tax": "54999.00", "total_excl_tax": "54999.00", "shipping_incl_tax": "0.00", "shipping_excl_tax": "0.00", "shipping_address": 7, "shipping_method": "Free shipping", "shipping_code": "free-shipping", "status": "", "guest_email": "", "date_placed": "2022-11-22T21:04:36.775Z"}}, {"model": "order.order", "pk": 8, "fields": {"number": "100016", "site": 1, "basket": 16, "user": 7, "billing_address": null, "currency": "INR", "total_incl_tax": "63990.00", "total_excl_tax": "63990.00", "shipping_incl_tax": "0.00", "shipping_excl_tax": "0.00", "shipping_address": 8, "shipping_method": "Free shipping", "shipping_code": "free-shipping", "status": "", "guest_email": "", "date_placed": "2022-11-23T04:19:17.837Z"}}, {"model": "order.order", "pk": 9, "fields": {"number": "100017", "site": 1, "basket": 17, "user": 7, "billing_address": null, "currency": "INR", "total_incl_tax": "300.00", "total_excl_tax": "300.00", "shipping_incl_tax": "0.00", "shipping_excl_tax": "0.00", "shipping_address": 9, "shipping_method": "Free shipping", "shipping_code": "free-shipping", "status": "", "guest_email": "", "date_placed": "2022-11-23T05:15:30.595Z"}}, {"model": "order.order", "pk": 10, "fields": {"number": "100018", "site": 1, "basket": 18, "user": 7, "billing_address": null, "currency": "INR", "total_incl_tax": "29000.00", "total_excl_tax": "29000.00", "shipping_incl_tax": "0.00", "shipping_excl_tax": "0.00", "shipping_address": 10, "shipping_method": "Free shipping", "shipping_code": "free-shipping", "status": "", "guest_email": "", "date_placed": "2022-11-23T05:24:02.967Z"}}, {"model": "order.order", "pk": 11, "fields": {"number": "100019", "site": 1, "basket": 19, "user": 7, "billing_address": null, "currency": "INR", "total_incl_tax": "104970.00", "total_excl_tax": "104970.00", "shipping_incl_tax": "0.00", "shipping_excl_tax": "0.00", "shipping_address": 11, "shipping_method": "Free shipping", "shipping_code": "free-shipping", "status": "", "guest_email": "", "date_placed": "2022-11-23T05:47:02.861Z"}}, {"model": "order.order", "pk": 12, "fields": {"number": "100022", "site": 1, "basket": 22, "user": 9, "billing_address": null, "currency": "INR", "total_incl_tax": "83999.00", "total_excl_tax": "83999.00", "shipping_incl_tax": "0.00", "shipping_excl_tax": "0.00", "shipping_address": 12, "shipping_method": "Free shipping", "shipping_code": "free-shipping", "status": "", "guest_email": "", "date_placed": "2022-11-23T11:26:21.641Z"}}, {"model": "order.order", "pk": 13, "fields": {"number": "100023", "site": 1, "basket": 23, "user": 9, "billing_address": null, "currency": "INR", "total_incl_tax": "29000.00", "total_excl_tax": "29000.00", "shipping_incl_tax": "0.00", "shipping_excl_tax": "0.00", "shipping_address": 13, "shipping_method": "Free shipping", "shipping_code": "free-shipping", "status": "", "guest_email": "", "date_placed": "2022-11-23T14:44:19.041Z"}}, {"model": "order.order", "pk": 14, "fields": {"number": "100024", "site": 1, "basket": 24, "user": 9, "billing_address": null, "currency": "INR", "total_incl_tax": "54999.00", "total_excl_tax": "54999.00", "shipping_incl_tax": "0.00", "shipping_excl_tax": "0.00", "shipping_address": 14, "shipping_method": "Free shipping", "shipping_code": "free-shipping", "status": "", "guest_email": "", "date_placed": "2022-11-23T15:04:45.332Z"}}, {"model": "order.order", "pk": 15, "fields": {"number": "100025", "site": 1, "basket": 25, "user": 9, "billing_address": null, "currency": "INR", "total_incl_tax": "34990.00", "total_excl_tax": "34990.00", "shipping_incl_tax": "0.00", "shipping_excl_tax": "0.00", "shipping_address": 15, "shipping_method": "Free shipping", "shipping_code": "free-shipping", "status": "", "guest_email": "", "date_placed": "2022-11-24T11:39:11.886Z"}}, {"model": "order.shippingaddress", "pk": 1, "fields": {"title": "Mr", "first_name": "Sree", "last_name": "Sankar", "line1": "Meloottu Veedu,Perayam, Mulavana (PO)", "line2": "", "line3": "Meloottu Veedu,Perayam, Mulavana (PO)", "line4": "Kollam", "state": "Kerala", "postcode": "691503", "country": "IN", "search_text": "Sree Sankar Meloottu Veedu,Perayam, Mulavana (PO) Meloottu Veedu,Perayam, Mulavana (PO) Kollam Kerala 691503 Republic of India", "phone_number": "+919847945788", "notes": ""}}, {"model": "order.shippingaddress", "pk": 2, "fields": {"title": "Mr", "first_name": "Sree", "last_name": "Sankar", "line1": "Meloottu Veedu,Perayam, Mulavana (PO)", "line2": "", "line3": "Meloottu Veedu,Perayam, Mulavana (PO)", "line4": "Kollam", "state": "Kerala", "postcode": "691503", "country": "IN", "search_text": "Sree Sankar Meloottu Veedu,Perayam, Mulavana (PO) Meloottu Veedu,Perayam, Mulavana (PO) Kollam Kerala 691503 Republic of India", "phone_number": "+919847945788", "notes": ""}}, {"model": "order.shippingaddress", "pk": 3, "fields": {"title": "Mr", "first_name": "Sree", "last_name": "Sankar", "line1": "Meloottu Veedu,Perayam, Mulavana (PO)", "line2": "", "line3": "Meloottu Veedu,Perayam, Mulavana (PO)", "line4": "Kollam", "state": "Kerala", "postcode": "691503", "country": "IN", "search_text": "Sree Sankar Meloottu Veedu,Perayam, Mulavana (PO) Meloottu Veedu,Perayam, Mulavana (PO) Kollam Kerala 691503 Republic of India", "phone_number": "+919847945788", "notes": ""}}, {"model": "order.shippingaddress", "pk": 4, "fields": {"title": "Mr", "first_name": "Sree", "last_name": "Sankar", "line1": "Meloottu Veedu,Perayam, Mulavana (PO)", "line2": "", "line3": "Meloottu Veedu,Perayam, Mulavana (PO)", "line4": "Kollam", "state": "Kerala", "postcode": "691503", "country": "IN", "search_text": "Sree Sankar Meloottu Veedu,Perayam, Mulavana (PO) Meloottu Veedu,Perayam, Mulavana (PO) Kollam Kerala 691503 Republic of India", "phone_number": "+919847945788", "notes": ""}}, {"model": "order.shippingaddress", "pk": 5, "fields": {"title": "Mr", "first_name": "Sree", "last_name": "Sankar", "line1": "Meloottu Veedu,Perayam, Mulavana (PO)", "line2": "", "line3": "Meloottu Veedu,Perayam, Mulavana (PO)", "line4": "Kollam", "state": "Kerala", "postcode": "691503", "country": "IN", "search_text": "Sree Sankar Meloottu Veedu,Perayam, Mulavana (PO) Meloottu Veedu,Perayam, Mulavana (PO) Kollam Kerala 691503 Republic of India", "phone_number": "+919847945788", "notes": ""}}, {"model": "order.shippingaddress", "pk": 6, "fields": {"title": "Mr", "first_name": "Sree", "last_name": "Sankar", "line1": "Meloottu Veedu,Perayam, Mulavana (PO)", "line2": "", "line3": "Meloottu Veedu,Perayam, Mulavana (PO)", "line4": "Kollam", "state": "Kerala", "postcode": "691503", "country": "IN", "search_text": "Sree Sankar Meloottu Veedu,Perayam, Mulavana (PO) Meloottu Veedu,Perayam, Mulavana (PO) Kollam Kerala 691503 Republic of India", "phone_number": "+919847945788", "notes": ""}}, {"model": "order.shippingaddress", "pk": 7, "fields": {"title": "Mr", "first_name": "Sree", "last_name": "Sankar", "line1": "Meloottu Veedu,Perayam, Mulavana (PO)", "line2": "", "line3": "Meloottu Veedu,Perayam, Mulavana (PO)", "line4": "Kollam", "state": "Kerala", "postcode": "691503", "country": "IN", "search_text": "Sree Sankar Meloottu Veedu,Perayam, Mulavana (PO) Meloottu Veedu,Perayam, Mulavana (PO) Kollam Kerala 691503 Republic of India", "phone_number": "+919847945788", "notes": ""}}, {"model": "order.shippingaddress", "pk": 8, "fields": {"title": "Mr", "first_name": "Sree", "last_name": "Sankar", "line1": "Meloottu Veedu,Perayam, Mulavana (PO)", "line2": "", "line3": "Meloottu Veedu,Perayam, Mulavana (PO)", "line4": "Kollam", "state": "Kerala", "postcode": "691503", "country": "IN", "search_text": "Sree Sankar Meloottu Veedu,Perayam, Mulavana (PO) Meloottu Veedu,Perayam, Mulavana (PO) Kollam Kerala 691503 Republic of India", "phone_number": "+919847945788", "notes": ""}}, {"model": "order.shippingaddress", "pk": 9, "fields": {"title": "Mr", "first_name": "Sree", "last_name": "Sankar", "line1": "Meloottu Veedu,Perayam, Mulavana (PO)", "line2": "", "line3": "Meloottu Veedu,Perayam, Mulavana (PO)", "line4": "Kollam", "state": "Kerala", "postcode": "691503", "country": "IN", "search_text": "Sree Sankar Meloottu Veedu,Perayam, Mulavana (PO) Meloottu Veedu,Perayam, Mulavana (PO) Kollam Kerala 691503 Republic of India", "phone_number": "+919847945788", "notes": ""}}, {"model": "order.shippingaddress", "pk": 10, "fields": {"title": "Mr", "first_name": "Sree", "last_name": "Sankar", "line1": "Meloottu Veedu,Perayam, Mulavana (PO)", "line2": "", "line3": "Meloottu Veedu,Perayam, Mulavana (PO)", "line4": "Kollam", "state": "Kerala", "postcode": "691503", "country": "IN", "search_text": "Sree Sankar Meloottu Veedu,Perayam, Mulavana (PO) Meloottu Veedu,Perayam, Mulavana (PO) Kollam Kerala 691503 Republic of India", "phone_number": "+919847945788", "notes": ""}}, {"model": "order.shippingaddress", "pk": 11, "fields": {"title": "Mr", "first_name": "Sree", "last_name": "Sankar", "line1": "Meloottu Veedu,Perayam, Mulavana (PO)", "line2": "", "line3": "Meloottu Veedu,Perayam, Mulavana (PO)", "line4": "Kollam", "state": "Kerala", "postcode": "691503", "country": "IN", "search_text": "Sree Sankar Meloottu Veedu,Perayam, Mulavana (PO) Meloottu Veedu,Perayam, Mulavana (PO) Kollam Kerala 691503 Republic of India", "phone_number": "+919847945788", "notes": ""}}, {"model": "order.shippingaddress", "pk": 12, "fields": {"title": "Mr", "first_name": "Sree", "last_name": "Sankar", "line1": "Meloottu Veedu,Perayam, Mulavana (PO)", "line2": "", "line3": "Meloottu Veedu,Perayam, Mulavana (PO)", "line4": "Kollam", "state": "Kerala", "postcode": "691503", "country": "IN", "search_text": "Sree Sankar Meloottu Veedu,Perayam, Mulavana (PO) Meloottu Veedu,Perayam, Mulavana (PO) Kollam Kerala 691503 Republic of India", "phone_number": "+919847945788", "notes": ""}}, {"model": "order.shippingaddress", "pk": 13, "fields": {"title": "Mr", "first_name": "Sree", "last_name": "Sankar", "line1": "Meloottu Veedu,Perayam, Mulavana (PO)", "line2": "", "line3": "Meloottu Veedu,Perayam, Mulavana (PO)", "line4": "Kollam", "state": "Kerala", "postcode": "691503", "country": "IN", "search_text": "Sree Sankar Meloottu Veedu,Perayam, Mulavana (PO) Meloottu Veedu,Perayam, Mulavana (PO) Kollam Kerala 691503 Republic of India", "phone_number": "+919847945788", "notes": ""}}, {"model": "order.shippingaddress", "pk": 14, "fields": {"title": "Mr", "first_name": "Sree", "last_name": "Sankar", "line1": "Meloottu Veedu,Perayam, Mulavana (PO)", "line2": "", "line3": "Meloottu Veedu,Perayam, Mulavana (PO)", "line4": "Kollam", "state": "Kerala", "postcode": "691503", "country": "IN", "search_text": "Sree Sankar Meloottu Veedu,Perayam, Mulavana (PO) Meloottu Veedu,Perayam, Mulavana (PO) Kollam Kerala 691503 Republic of India", "phone_number": "+919847945788", "notes": ""}}, {"model": "order.shippingaddress", "pk": 15, "fields": {"title": "Mr", "first_name": "Sree", "last_name": "Sankar", "line1": "Meloottu Veedu,Perayam, Mulavana (PO)", "line2": "", "line3": "Meloottu Veedu,Perayam, Mulavana (PO)", "line4": "Kollam", "state": "Kerala", "postcode": "691503", "country": "IN", "search_text": "Sree Sankar Meloottu Veedu,Perayam, Mulavana (PO) Meloottu Veedu,Perayam, Mulavana (PO) Kollam Kerala 691503 Republic of India", "phone_number": "+919847945788", "notes": ""}}, {"model": "order.line", "pk": 1, "fields": {"order": 1, "partner": 3, "partner_name": "Book House", "partner_sku": "125", "partner_line_reference": "", "partner_line_notes": "", "stockrecord": 5, "product": 5, "title": "In Five Years: A Novel", "upc": "", "quantity": 3, "line_price_incl_tax": "900.00", "line_price_excl_tax": "900.00", "line_price_before_discounts_incl_tax": "900.00", "line_price_before_discounts_excl_tax": "900.00", "unit_price_incl_tax": "300.00", "unit_price_excl_tax": "300.00", "status": ""}}, {"model": "order.line", "pk": 2, "fields": {"order": 2, "partner": 1, "partner_name": "Mobile Store", "partner_sku": "125", "partner_line_reference": "", "partner_line_notes": "", "stockrecord": 3, "product": 3, "title": "Samsung Galaxy S20 FE 5G", "upc": "", "quantity": 1, "line_price_incl_tax": "34990.00", "line_price_excl_tax": "34990.00", "line_price_before_discounts_incl_tax": "34990.00", "line_price_before_discounts_excl_tax": "34990.00", "unit_price_incl_tax": "34990.00", "unit_price_excl_tax": "34990.00", "status": ""}}, {"model": "order.line", "pk": 3, "fields": {"order": 3, "partner": 1, "partner_name": "Mobile Store", "partner_sku": "125", "partner_line_reference": "", "partner_line_notes": "", "stockrecord": 3, "product": 3, "title": "Samsung Galaxy S20 FE 5G", "upc": "", "quantity": 1, "line_price_incl_tax": "34990.00", "line_price_excl_tax": "34990.00", "line_price_before_discounts_incl_tax": "34990.00", "line_price_before_discounts_excl_tax": "34990.00", "unit_price_incl_tax": "34990.00", "unit_price_excl_tax": "34990.00", "status": ""}}, {"model": "order.line", "pk": 4, "fields": {"order": 4, "partner": 3, "partner_name": "Book House", "partner_sku": "125", "partner_line_reference": "", "partner_line_notes": "", "stockrecord": 5, "product": 5, "title": "In Five Years: A Novel", "upc": "", "quantity": 1, "line_price_incl_tax": "300.00", "line_price_excl_tax": "300.00", "line_price_before_discounts_incl_tax": "300.00", "line_price_before_discounts_excl_tax": "300.00", "unit_price_incl_tax": "300.00", "unit_price_excl_tax": "300.00", "status": ""}}, {"model": "order.line", "pk": 5, "fields": {"order": 5, "partner": 1, "partner_name": "Mobile Store", "partner_sku": "124", "partner_line_reference": "", "partner_line_notes": "", "stockrecord": 2, "product": 2, "title": "Mi Notebook Pro QHD+ IPS Anti-Glare Display", "upc": "", "quantity": 1, "line_price_incl_tax": "54999.00", "line_price_excl_tax": "54999.00", "line_price_before_discounts_incl_tax": "54999.00", "line_price_before_discounts_excl_tax": "54999.00", "unit_price_incl_tax": "54999.00", "unit_price_excl_tax": "54999.00", "status": ""}}, {"model": "order.line", "pk": 6, "fields": {"order": 6, "partner": 2, "partner_name": "Electronics Store", "partner_sku": "126", "partner_line_reference": "", "partner_line_notes": "", "stockrecord": 4, "product": 4, "title": "2021 Apple 10.2-inch (25.91 cm)", "upc": "", "quantity": 1, "line_price_incl_tax": "29000.00", "line_price_excl_tax": "29000.00", "line_price_before_discounts_incl_tax": "29000.00", "line_price_before_discounts_excl_tax": "29000.00", "unit_price_incl_tax": "29000.00", "unit_price_excl_tax": "29000.00", "status": ""}}, {"model": "order.line", "pk": 7, "fields": {"order": 7, "partner": 1, "partner_name": "Mobile Store", "partner_sku": "124", "partner_line_reference": "", "partner_line_notes": "", "stockrecord": 2, "product": 2, "title": "Mi Notebook Pro QHD+ IPS Anti-Glare Display", "upc": "", "quantity": 1, "line_price_incl_tax": "54999.00", "line_price_excl_tax": "54999.00", "line_price_before_discounts_incl_tax": "54999.00", "line_price_before_discounts_excl_tax": "54999.00", "unit_price_incl_tax": "54999.00", "unit_price_excl_tax": "54999.00", "status": ""}}, {"model": "order.line", "pk": 8, "fields": {"order": 8, "partner": 1, "partner_name": "Mobile Store", "partner_sku": "125", "partner_line_reference": "", "partner_line_notes": "", "stockrecord": 3, "product": 3, "title": "Samsung Galaxy S20 FE 5G", "upc": "", "quantity": 1, "line_price_incl_tax": "34990.00", "line_price_excl_tax": "34990.00", "line_price_before_discounts_incl_tax": "34990.00", "line_price_before_discounts_excl_tax": "34990.00", "unit_price_incl_tax": "34990.00", "unit_price_excl_tax": "34990.00", "status": ""}}, {"model": "order.line", "pk": 9, "fields": {"order": 8, "partner": 2, "partner_name": "Electronics Store", "partner_sku": "126", "partner_line_reference": "", "partner_line_notes": "", "stockrecord": 4, "product": 4, "title": "2021 Apple 10.2-inch (25.91 cm)", "upc": "", "quantity": 1, "line_price_incl_tax": "29000.00", "line_price_excl_tax": "29000.00", "line_price_before_discounts_incl_tax": "29000.00", "line_price_before_discounts_excl_tax": "29000.00", "unit_price_incl_tax": "29000.00", "unit_price_excl_tax": "29000.00", "status": ""}}, {"model": "order.line", "pk": 10, "fields": {"order": 9, "partner": 3, "partner_name": "Book House", "partner_sku": "125", "partner_line_reference": "", "partner_line_notes": "", "stockrecord": 5, "product": 5, "title": "In Five Years: A Novel", "upc": "", "quantity": 1, "line_price_incl_tax": "300.00", "line_price_excl_tax": "300.00", "line_price_before_discounts_incl_tax": "300.00", "line_price_before_discounts_excl_tax": "300.00", "unit_price_incl_tax": "300.00", "unit_price_excl_tax": "300.00", "status": ""}}, {"model": "order.line", "pk": 11, "fields": {"order": 10, "partner": 2, "partner_name": "Electronics Store", "partner_sku": "126", "partner_line_reference": "", "partner_line_notes": "", "stockrecord": 4, "product": 4, "title": "2021 Apple 10.2-inch (25.91 cm)", "upc": "", "quantity": 1, "line_price_incl_tax": "29000.00", "line_price_excl_tax": "29000.00", "line_price_before_discounts_incl_tax": "29000.00", "line_price_before_discounts_excl_tax": "29000.00", "unit_price_incl_tax": "29000.00", "unit_price_excl_tax": "29000.00", "status": ""}}, {"model": "order.line", "pk": 12, "fields": {"order": 11, "partner": 1, "partner_name": "Mobile Store", "partner_sku": "125", "partner_line_reference": "", "partner_line_notes": "", "stockrecord": 3, "product": 3, "title": "Samsung Galaxy S20 FE 5G", "upc": "", "quantity": 3, "line_price_incl_tax": "104970.00", "line_price_excl_tax": "104970.00", "line_price_before_discounts_incl_tax": "104970.00", "line_price_before_discounts_excl_tax": "104970.00", "unit_price_incl_tax": "34990.00", "unit_price_excl_tax": "34990.00", "status": ""}}, {"model": "order.line", "pk": 13, "fields": {"order": 12, "partner": 2, "partner_name": "Electronics Store", "partner_sku": "126", "partner_line_reference": "", "partner_line_notes": "", "stockrecord": 4, "product": 4, "title": "2021 Apple 10.2-inch (25.91 cm)", "upc": "", "quantity": 1, "line_price_incl_tax": "29000.00", "line_price_excl_tax": "29000.00", "line_price_before_discounts_incl_tax": "29000.00", "line_price_before_discounts_excl_tax": "29000.00", "unit_price_incl_tax": "29000.00", "unit_price_excl_tax": "29000.00", "status": ""}}, {"model": "order.line", "pk": 14, "fields": {"order": 12, "partner": 1, "partner_name": "Mobile Store", "partner_sku": "124", "partner_line_reference": "", "partner_line_notes": "", "stockrecord": 2, "product": 2, "title": "Mi Notebook Pro QHD+ IPS Anti-Glare Display", "upc": "", "quantity": 1, "line_price_incl_tax": "54999.00", "line_price_excl_tax": "54999.00", "line_price_before_discounts_incl_tax": "54999.00", "line_price_before_discounts_excl_tax": "54999.00", "unit_price_incl_tax": "54999.00", "unit_price_excl_tax": "54999.00", "status": ""}}, {"model": "order.line", "pk": 15, "fields": {"order": 13, "partner": 2, "partner_name": "Electronics Store", "partner_sku": "126", "partner_line_reference": "", "partner_line_notes": "", "stockrecord": 4, "product": 4, "title": "2021 Apple 10.2-inch (25.91 cm)", "upc": "", "quantity": 1, "line_price_incl_tax": "29000.00", "line_price_excl_tax": "29000.00", "line_price_before_discounts_incl_tax": "29000.00", "line_price_before_discounts_excl_tax": "29000.00", "unit_price_incl_tax": "29000.00", "unit_price_excl_tax": "29000.00", "status": ""}}, {"model": "order.line", "pk": 16, "fields": {"order": 14, "partner": 1, "partner_name": "Mobile Store", "partner_sku": "124", "partner_line_reference": "", "partner_line_notes": "", "stockrecord": 2, "product": 2, "title": "Mi Notebook Pro QHD+ IPS Anti-Glare Display", "upc": "", "quantity": 1, "line_price_incl_tax": "54999.00", "line_price_excl_tax": "54999.00", "line_price_before_discounts_incl_tax": "54999.00", "line_price_before_discounts_excl_tax": "54999.00", "unit_price_incl_tax": "54999.00", "unit_price_excl_tax": "54999.00", "status": ""}}, {"model": "order.line", "pk": 17, "fields": {"order": 15, "partner": 1, "partner_name": "Mobile Store", "partner_sku": "125", "partner_line_reference": "", "partner_line_notes": "", "stockrecord": 3, "product": 3, "title": "Samsung Galaxy S20 FE 5G", "upc": "", "quantity": 1, "line_price_incl_tax": "34990.00", "line_price_excl_tax": "34990.00", "line_price_before_discounts_incl_tax": "34990.00", "line_price_before_discounts_excl_tax": "34990.00", "unit_price_incl_tax": "34990.00", "unit_price_excl_tax": "34990.00", "status": ""}}, {"model": "order.lineprice", "pk": 1, "fields": {"order": 1, "line": 1, "quantity": 3, "price_incl_tax": "300.00", "price_excl_tax": "300.00", "shipping_incl_tax": "0.00", "shipping_excl_tax": "0.00"}}, {"model": "order.lineprice", "pk": 2, "fields": {"order": 2, "line": 2, "quantity": 1, "price_incl_tax": "34990.00", "price_excl_tax": "34990.00", "shipping_incl_tax": "0.00", "shipping_excl_tax": "0.00"}}, {"model": "order.lineprice", "pk": 3, "fields": {"order": 3, "line": 3, "quantity": 1, "price_incl_tax": "34990.00", "price_excl_tax": "34990.00", "shipping_incl_tax": "0.00", "shipping_excl_tax": "0.00"}}, {"model": "order.lineprice", "pk": 4, "fields": {"order": 4, "line": 4, "quantity": 1, "price_incl_tax": "300.00", "price_excl_tax": "300.00", "shipping_incl_tax": "0.00", "shipping_excl_tax": "0.00"}}, {"model": "order.lineprice", "pk": 5, "fields": {"order": 5, "line": 5, "quantity": 1, "price_incl_tax": "54999.00", "price_excl_tax": "54999.00", "shipping_incl_tax": "0.00", "shipping_excl_tax": "0.00"}}, {"model": "order.lineprice", "pk": 6, "fields": {"order": 6, "line": 6, "quantity": 1, "price_incl_tax": "29000.00", "price_excl_tax": "29000.00", "shipping_incl_tax": "0.00", "shipping_excl_tax": "0.00"}}, {"model": "order.lineprice", "pk": 7, "fields": {"order": 7, "line": 7, "quantity": 1, "price_incl_tax": "54999.00", "price_excl_tax": "54999.00", "shipping_incl_tax": "0.00", "shipping_excl_tax": "0.00"}}, {"model": "order.lineprice", "pk": 8, "fields": {"order": 8, "line": 8, "quantity": 1, "price_incl_tax": "34990.00", "price_excl_tax": "34990.00", "shipping_incl_tax": "0.00", "shipping_excl_tax": "0.00"}}, {"model": "order.lineprice", "pk": 9, "fields": {"order": 8, "line": 9, "quantity": 1, "price_incl_tax": "29000.00", "price_excl_tax": "29000.00", "shipping_incl_tax": "0.00", "shipping_excl_tax": "0.00"}}, {"model": "order.lineprice", "pk": 10, "fields": {"order": 9, "line": 10, "quantity": 1, "price_incl_tax": "300.00", "price_excl_tax": "300.00", "shipping_incl_tax": "0.00", "shipping_excl_tax": "0.00"}}, {"model": "order.lineprice", "pk": 11, "fields": {"order": 10, "line": 11, "quantity": 1, "price_incl_tax": "29000.00", "price_excl_tax": "29000.00", "shipping_incl_tax": "0.00", "shipping_excl_tax": "0.00"}}, {"model": "order.lineprice", "pk": 12, "fields": {"order": 11, "line": 12, "quantity": 3, "price_incl_tax": "34990.00", "price_excl_tax": "34990.00", "shipping_incl_tax": "0.00", "shipping_excl_tax": "0.00"}}, {"model": "order.lineprice", "pk": 13, "fields": {"order": 12, "line": 13, "quantity": 1, "price_incl_tax": "29000.00", "price_excl_tax": "29000.00", "shipping_incl_tax": "0.00", "shipping_excl_tax": "0.00"}}, {"model": "order.lineprice", "pk": 14, "fields": {"order": 12, "line": 14, "quantity": 1, "price_incl_tax": "54999.00", "price_excl_tax": "54999.00", "shipping_incl_tax": "0.00", "shipping_excl_tax": "0.00"}}, {"model": "order.lineprice", "pk": 15, "fields": {"order": 13, "line": 15, "quantity": 1, "price_incl_tax": "29000.00", "price_excl_tax": "29000.00", "shipping_incl_tax": "0.00", "shipping_excl_tax": "0.00"}}, {"model": "order.lineprice", "pk": 16, "fields": {"order": 14, "line": 16, "quantity": 1, "price_incl_tax": "54999.00", "price_excl_tax": "54999.00", "shipping_incl_tax": "0.00", "shipping_excl_tax": "0.00"}}, {"model": "order.lineprice", "pk": 17, "fields": {"order": 15, "line": 17, "quantity": 1, "price_incl_tax": "34990.00", "price_excl_tax": "34990.00", "shipping_incl_tax": "0.00", "shipping_excl_tax": "0.00"}}, {"model": "order.paymentevent", "pk": 1, "fields": {"order": 12, "amount": "83999.00", "reference": "", "event_type": 1, "shipping_event": null, "date_created": "2022-11-23T11:26:21.663Z"}}, {"model": "order.paymentevent", "pk": 2, "fields": {"order": 13, "amount": "29000.00", "reference": "", "event_type": 1, "shipping_event": null, "date_created": "2022-11-23T14:44:19.060Z"}}, {"model": "order.paymentevent", "pk": 3, "fields": {"order": 14, "amount": "54999.00", "reference": "", "event_type": 1, "shipping_event": null, "date_created": "2022-11-23T15:04:45.349Z"}}, {"model": "order.paymentevent", "pk": 4, "fields": {"order": 15, "amount": "34990.00", "reference": "", "event_type": 1, "shipping_event": null, "date_created": "2022-11-24T11:39:11.904Z"}}, {"model": "order.paymenteventtype", "pk": 1, "fields": {"name": "Purchase", "code": "purchase"}}, {"model": "wishlists.wishlist", "pk": 1, "fields": {"owner": 2, "name": "Default", "key": "x4uikv", "visibility": "Private", "date_created": "2022-11-16T05:57:12.468Z"}}, {"model": "wishlists.wishlist", "pk": 2, "fields": {"owner": 9, "name": "Default", "key": "10evf0", "visibility": "Private", "date_created": "2022-11-23T15:05:08.202Z"}}, {"model": "wishlists.line", "pk": 1, "fields": {"wishlist": 1, "product": null, "quantity": 1, "title": "Samsung Galaxy S20"}}, {"model": "wishlists.line", "pk": 2, "fields": {"wishlist": 2, "product": 2, "quantity": 1, "title": "Mi Notebook Pro QHD+ IPS Anti-Glare Display"}}, {"model": "thumbnail.kvstore", "pk": "sorl-thumbnail||image||04980fe006231ba2d2519641f770c832", "fields": {"value": "{\"name\": \"cache/da/c6/dac6f934af26bcdd5a9147c8196462c0.jpg\", \"storage\": \"django.core.files.storage.FileSystemStorage\", \"size\": [49, 70]}"}}, {"model": "thumbnail.kvstore", "pk": "sorl-thumbnail||image||155292a13d74f806581631c09b364539", "fields": {"value": "{\"name\": \"cache/80/02/800251e186cdfeed1a92532a89de9e5b.jpg\", \"storage\": \"django.core.files.storage.FileSystemStorage\", \"size\": [141, 200]}"}}, {"model": "thumbnail.kvstore", "pk": "sorl-thumbnail||image||1ad55602508c55e59d13184244321afa", "fields": {"value": "{\"name\": \"images/products/2022/11/mi171iiXU7HHkL._SX679_.jpg\", \"storage\": \"django.core.files.storage.FileSystemStorage\", \"size\": [679, 679]}"}}, {"model": "thumbnail.kvstore", "pk": "sorl-thumbnail||image||2af34ee2b4b4d11f7d521be77ace045f", "fields": {"value": "{\"name\": \"cache/69/54/695484152bf7974e303c828410d0dd48.jpg\", \"storage\": \"django.core.files.storage.FileSystemStorage\", \"size\": [100, 100]}"}}, {"model": "thumbnail.kvstore", "pk": "sorl-thumbnail||image||3263f3a4f7974cbc43653b453537d332", "fields": {"value": "{\"name\": \"cache/5d/3f/5d3f8c26a75f5b06e0c33c846029fee2.jpg\", \"storage\": \"django.core.files.storage.FileSystemStorage\", \"size\": [46, 70]}"}}, {"model": "thumbnail.kvstore", "pk": "sorl-thumbnail||image||680758bc432e07139d18a61c5c1b635a", "fields": {"value": "{\"name\": \"cache/dc/6c/dc6c120f4c7b3115695c0a73700a4c57.jpg\", \"storage\": \"django.core.files.storage.FileSystemStorage\", \"size\": [281, 400]}"}}, {"model": "thumbnail.kvstore", "pk": "sorl-thumbnail||image||6e86175648bce5c5d164fb51bf831217", "fields": {"value": "{\"name\": \"cache/e3/da/e3da36f2de775d67735261b82865f898.jpg\", \"storage\": \"django.core.files.storage.FileSystemStorage\", \"size\": [155, 155]}"}}, {"model": "thumbnail.kvstore", "pk": "sorl-thumbnail||image||72c2ca64441d298e5b8ea13fdd57b45f", "fields": {"value": "{\"name\": \"cache/cf/26/cf2692401f4655c7b00926dc9dc55a3c.jpg\", \"storage\": \"django.core.files.storage.FileSystemStorage\", \"size\": [400, 400]}"}}, {"model": "thumbnail.kvstore", "pk": "sorl-thumbnail||image||738ab67e6199276e67e2e17763bb5b6e", "fields": {"value": "{\"name\": \"cache/ae/34/ae3488f326bcd3b818f1058c560a4929.jpg\", \"storage\": \"django.core.files.storage.FileSystemStorage\", \"size\": [70, 70]}"}}, {"model": "thumbnail.kvstore", "pk": "sorl-thumbnail||image||7aa44d6dfbafbbe2c39d53dee5f269f4", "fields": {"value": "{\"name\": \"cache/7b/5c/7b5caa8b58c77b3549bac2bed3474b65.jpg\", \"storage\": \"django.core.files.storage.FileSystemStorage\", \"size\": [101, 155]}"}}, {"model": "thumbnail.kvstore", "pk": "sorl-thumbnail||image||80d1555ba760209e3a57441f888f782e", "fields": {"value": "{\"name\": \"cache/78/8a/788a7e0fb9a549b9bf92dde0cda0d363.jpg\", \"storage\": \"django.core.files.storage.FileSystemStorage\", \"size\": [70, 70]}"}}, {"model": "thumbnail.kvstore", "pk": "sorl-thumbnail||image||9002aba4c1e014d5f6a867799090a7d6", "fields": {"value": "{\"name\": \"cache/6e/a4/6ea467d57a85d02d4e394f94083c74fe.jpg\", \"storage\": \"django.core.files.storage.FileSystemStorage\", \"size\": [70, 100]}"}}, {"model": "thumbnail.kvstore", "pk": "sorl-thumbnail||image||9cdc8f042148b2a94acdbddf74dec905", "fields": {"value": "{\"name\": \"cache/8c/97/8c9792a3d65aa7adc118fee76e7d2be7.jpg\", \"storage\": \"django.core.files.storage.FileSystemStorage\", \"size\": [155, 155]}"}}, {"model": "thumbnail.kvstore", "pk": "sorl-thumbnail||image||af8a2cce73e18cf9d533c71ff14d005d", "fields": {"value": "{\"name\": \"cache/a0/eb/a0eb6b902e21b1bdfda97c903e326249.jpg\", \"storage\": \"django.core.files.storage.FileSystemStorage\", \"size\": [109, 155]}"}}, {"model": "thumbnail.kvstore", "pk": "sorl-thumbnail||image||b46c03bab0ab5bdd53238f76581495de", "fields": {"value": "{\"name\": \"cache/3b/48/3b48c6c1fd4ec276f084a5f19c06f4d6.jpg\", \"storage\": \"django.core.files.storage.FileSystemStorage\", \"size\": [400, 400]}"}}, {"model": "thumbnail.kvstore", "pk": "sorl-thumbnail||image||c06063baf60548be8771e4d7135246b3", "fields": {"value": "{\"name\": \"images/products/2022/11/samsung181vDZyJQ-4L._SY741_.jpg\", \"storage\": \"django.core.files.storage.FileSystemStorage\", \"size\": [521, 741]}"}}, {"model": "thumbnail.kvstore", "pk": "sorl-thumbnail||image||c20e34d22750dc472a18a7e163e34a11", "fields": {"value": "{\"name\": \"images/products/2022/11/book1mJEbIKqKL._SX324_BO1204203200_.jpg\", \"storage\": \"django.core.files.storage.FileSystemStorage\", \"size\": [326, 499]}"}}, {"model": "thumbnail.kvstore", "pk": "sorl-thumbnail||image||c5a566e2fef9e4d7190a56ef8f748ed8", "fields": {"value": "{\"name\": \"cache/7e/c9/7ec9fd53ffd410749ec35fce5e4dd45e.jpg\", \"storage\": \"django.core.files.storage.FileSystemStorage\", \"size\": [261, 400]}"}}, {"model": "thumbnail.kvstore", "pk": "sorl-thumbnail||image||d1c379a1849c0beca84851b2449c670f", "fields": {"value": "{\"name\": \"images/products/2022/11/tab161PnHlc0HCL._SX679_.jpg\", \"storage\": \"django.core.files.storage.FileSystemStorage\", \"size\": [679, 679]}"}}, {"model": "thumbnail.kvstore", "pk": "sorl-thumbnail||thumbnails||1ad55602508c55e59d13184244321afa", "fields": {"value": "[\"738ab67e6199276e67e2e17763bb5b6e\", \"9cdc8f042148b2a94acdbddf74dec905\", \"72c2ca64441d298e5b8ea13fdd57b45f\"]"}}, {"model": "thumbnail.kvstore", "pk": "sorl-thumbnail||thumbnails||c06063baf60548be8771e4d7135246b3", "fields": {"value": "[\"680758bc432e07139d18a61c5c1b635a\", \"04980fe006231ba2d2519641f770c832\", \"155292a13d74f806581631c09b364539\", \"9002aba4c1e014d5f6a867799090a7d6\", \"af8a2cce73e18cf9d533c71ff14d005d\"]"}}, {"model": "thumbnail.kvstore", "pk": "sorl-thumbnail||thumbnails||c20e34d22750dc472a18a7e163e34a11", "fields": {"value": "[\"c5a566e2fef9e4d7190a56ef8f748ed8\", \"3263f3a4f7974cbc43653b453537d332\", \"7aa44d6dfbafbbe2c39d53dee5f269f4\"]"}}, {"model": "thumbnail.kvstore", "pk": "sorl-thumbnail||thumbnails||d1c379a1849c0beca84851b2449c670f", "fields": {"value": "[\"2af34ee2b4b4d11f7d521be77ace045f\", \"6e86175648bce5c5d164fb51bf831217\", \"80d1555ba760209e3a57441f888f782e\", \"b46c03bab0ab5bdd53238f76581495de\"]"}}]